SM Type,SM Group,SM Title,SM Description,SM Latitude,SM Longitude,SM Coordinates,smapsID,Storkunde,Adresse,Plads navn,post nr,By,Niveau,Dage,KodeNøgle,Strømiddel,App,Ejendomskontakt,Område,title,Bemærkning,SM Group 0,SM Group 1,SM Group 2
Marker,Udkald på bestilling,999,,56.414704,8.7314149,"56.414704,8.7314149","sm54cb2411",Ingen,Nørre hvamvej 8,Administrativ prik Udkald på bestilling alle,7500,Holstebro,Udkald på bestilling,AlleDage,0,0,0,s,Administativ,999,,List Import,Udkald på bestilling
Marker,Spare,999,,56.414704,8.7314149,"56.414704,8.7314149","smbb0fc1d0",Ingen,Nørre hvamvej 8,Administrativ prik Spare alle,7500,Holstebro,Spare,AlleDage,0,0,0,s,Administativ,999,,List Import,Spare
Marker,Høj,999,,56.414704,8.7314149,"56.414704,8.7314149","sm5d5d6fa8",Ingen,Nørre hvamvej 8,Administrativ prik høj alle,7500,Holstebro,Høj,AlleDage,0,0,0,s,Administativ,999,,List Import,Høj
Marker,Høj,2,,55.460501236,8.500587561,"55.460501236,8.500587561","sm093ac5b0",N1,Måde Industrivej 21,,6700,Esbjerg,Høj,AlleDage,4150A til port,Vejsalt,KsForstas,nej,Esbjerg,2,"Tryk kode på port, for at åbne",List Import,Høj
Marker,Høj,5,,55.510388319,8.484396339,"55.510388319,8.484396339","sma573fc37",N1,Edison Park 1,,6700,Esbjerg,Høj,AlleDage,nej,Vejsalt,KsForstas,nej,Esbjerg,5,nej,List Import,Høj
Marker,VIP,999,,56.414704,8.7314149,"56.414704,8.7314149","sm62524a62",Ingen,Nørre hvamvej 8,Administrativ prik Vip alle,7500,Holstebro,VIP,AlleDage,0,0,0,s,Administativ,999,,List Import,VIP
Marker,Lav,999,,56.414704,8.7314149,"56.414704,8.7314149","sm14538a36",Ingen,Nørre hvamvej 8,Administrativ prik Lav alle,7500,Holstebro,Lav,AlleDage,0,0,0,s,Administativ,999,,List Import,Lav
Marker,Lav,1,,55.4773875,8.4268281,"55.4773875,8.4268281","sm21d46cea",N1,Vesterhavsgade 100,Vesterhavsgade 100  N1 Esbjerg,6700,Esbjerg,Lav,AlleDage,nej,Vejsalt,KsForstas,nej,Esbjerg,1,nej,List Import,Lav
Marker,Lav,3,,55.4700937,8.4516817,"55.4700937,8.4516817","sm83b29952",N1,H C Ørsteds Gade 21,H C Ørsteds Gade 21 N1 Esbjerg,6700,Esbjerg,Lav,AlleDage,nej,Vejsalt,KsForstas,nej,Esbjerg,3,nej,List Import,Lav
Marker,Lav,4,,55.4748803,8.4803421,"55.4748803,8.4803421","sm428808f2",N1,Gammelby Strandvej 86T,Gammelby Strandvej 86T N1 Esbjerg,6700,Esbjerg,Lav,AlleDage,nej,Vejsalt,KsForstas,nej,Esbjerg,4,nej,List Import,Lav
Line,Gammelby Strandvej 86t 6700 Esbjerg,Overlay,,55.474903482,8.480211341,"55.474903482,8.480211341 55.47490354,8.480211556 55.47490371,8.480212187 55.474903988,8.480213216 55.474904367,8.480214621 55.474904843,8.480216383 55.474905409,8.480218482 55.474906062,8.480220899 55.474906794,8.480223613 55.474907602,8.480226606 55.474908479,8.480229856 55.47490942,8.480233344 55.47491042,8.48023705 55.474911474,8.480240954 55.474912576,8.480245037 55.474913721,8.480249279 55.474914903,8.48025366 55.474916118,8.48025816 55.474917359,8.480262758 55.474918621,8.480267437 55.4749199,8.480272174 55.474921189,8.480276952 55.474922484,8.480281749 55.474923779,8.480286546 55.474925068,8.480291324 55.474926347,8.480296061 55.474927609,8.48030074 55.47492885,8.480305338 55.474930065,8.480309838 55.474931247,8.480314219 55.474932392,8.480318461 55.474933494,8.480322544 55.474934548,8.480326448 55.474935548,8.480330155 55.474936489,8.480333642 55.474937366,8.480336892 55.474938174,8.480339885 55.474938906,8.480342599 55.474939559,8.480345016 55.474940125,8.480347115 55.474940601,8.480348877 55.47494098,8.480350282 55.474941258,8.480351311 55.474941428,8.480351942 55.474941486,8.480352157","smffcee2f1",,,,,,,,,,,,,,,Esbjerg,Gammelby Strandvej 86t 6700 Esbjerg
Line,Sti,Overlay,,55.477192928,8.426463317,"55.477192928,8.426463317 55.477192887,8.426463454 55.477192768,8.426463857 55.477192574,8.426464513 55.477192309,8.42646541 55.477191977,8.426466534 55.477191581,8.426467874 55.477191125,8.426469416 55.477190614,8.426471148 55.477190051,8.426473057 55.477189439,8.426475131 55.477188783,8.426477357 55.477188087,8.426479722 55.477187353,8.426482213 55.477186587,8.426484819 55.477185791,8.426487525 55.47718497,8.42649032 55.477184127,8.426493192 55.477183267,8.426496126 55.477182392,8.426499111 55.477181507,8.426502134 55.477180616,8.426505183 55.477179722,8.426508244 55.477178829,8.426511305 55.477177942,8.426514354 55.477177063,8.426517377 55.477176196,8.426520362 55.477175346,8.426523296 55.477174516,8.426526168 55.477173711,8.426528963 55.477172933,8.426531669 55.477172186,8.426534275 55.477171475,8.426536766 55.477170803,8.426539131 55.477170174,8.426541357 55.477169592,8.426543431 55.477169061,8.42654534 55.477168584,8.426547072 55.477168165,8.426548614 55.477167808,8.426549954 55.477167517,8.426551078 55.477167295,8.426551975 55.477167147,8.426552631 55.477167076,8.426553034 55.477167086,8.426553171 55.477167086,8.426553171 55.477167146,8.426553329 55.477167222,8.426553792 55.477167312,8.426554546 55.477167417,8.426555576 55.477167534,8.426556868 55.477167665,8.426558408 55.477167807,8.42656018 55.47716796,8.426562171 55.477168123,8.426564365 55.477168295,8.426566748 55.477168476,8.426569306 55.477168664,8.426572024 55.477168859,8.426574887 55.47716906,8.426577882 55.477169267,8.426580992 55.477169478,8.426584205 55.477169692,8.426587505 55.47716991,8.426590877 55.477170129,8.426594308 55.47717035,8.426597782 55.477170571,8.426601286 55.477170792,8.426604804 55.477171011,8.426608321 55.477171229,8.426611825 55.477171443,8.426615299 55.477171655,8.42661873 55.477171861,8.426622102 55.477172063,8.426625402 55.477172259,8.426628615 55.477172447,8.426631725 55.477172629,8.42663472 55.477172801,8.426637583 55.477172965,8.426640301 55.477173119,8.426642859 55.477173261,8.426645242 55.477173392,8.426647436 55.477173511,8.426649427 55.477173617,8.426651199 55.477173708,8.426652739 55.477173785,8.426654031 55.477173846,8.426655061 55.47717389,8.426655815 55.477173918,8.426656278 55.477173927,8.426656436 55.477173927,8.426656436 55.477174207,8.426657298 55.477175028,8.42665983 55.477176365,8.426663952 55.477178193,8.426669586 55.477180485,8.426676652 55.477183216,8.426685069 55.47718636,8.426694759 55.477189891,8.426705643 55.477193783,8.42671764 55.47719801,8.42673067 55.477202548,8.426744656 55.477207369,8.426759516 55.477212448,8.426775171 55.477217759,8.426791542 55.477223276,8.42680855 55.477228975,8.426826114 55.477234828,8.426844156 55.47724081,8.426862595 55.477246895,8.426881353 55.477253058,8.426900349 55.477259272,8.426919504 55.477265513,8.426938739 55.477271753,8.426957973 55.477277967,8.426977128 55.47728413,8.426996124 55.477290215,8.427014882 55.477296197,8.427033321 55.47730205,8.427051363 55.477307749,8.427068927 55.477313266,8.427085935 55.477318578,8.427102306 55.477323657,8.427117961 55.477328478,8.427132821 55.477333015,8.427146807 55.477337242,8.427159837 55.477341134,8.427171834 55.477344665,8.427182718 55.477347809,8.427192408 55.47735054,8.427200825 55.477352832,8.427207891 55.47735466,8.427213525 55.477355997,8.427217647 55.477356818,8.427220179 55.477357098,8.427221041 55.477357098,8.427221041 55.477357135,8.427221084 55.477357244,8.42722121 55.477357422,8.427221416 55.477357664,8.427221697 55.477357969,8.427222049 55.477358331,8.427222469 55.477358749,8.427222953 55.477359218,8.427223495 55.477359735,8.427224094 55.477360296,8.427224744 55.477360898,8.427225441 55.477361538,8.427226183 55.477362213,8.427226964 55.477362918,8.42722778 55.477363651,8.427228629 55.477364407,8.427229505 55.477365185,8.427230405 55.477365979,8.427231324 55.477366787,8.42723226 55.477367605,8.427233208 55.47736843,8.427234163 55.477369259,8.427235123 55.477370088,8.427236082 55.477370913,8.427237037 55.477371731,8.427237985 55.477372539,8.427238921 55.477373333,8.42723984 55.477374111,8.42724074 55.477374867,8.427241616 55.4773756,8.427242465 55.477376305,8.427243281 55.47737698,8.427244062 55.47737762,8.427244804 55.477378222,8.427245501 55.477378783,8.427246151 55.4773793,8.42724675 55.477379769,8.427247292 55.477380187,8.427247776 55.477380549,8.427248196 55.477380854,8.427248548 55.477381096,8.427248829 55.477381274,8.427249035 55.477381383,8.427249161 55.47738142,8.427249204 55.47738142,8.427249204 55.477381458,8.427249192 55.477381571,8.427249156 55.477381754,8.427249097 55.477382004,8.427249017 55.477382318,8.427248916 55.477382692,8.427248796 55.477383122,8.427248658 55.477383606,8.427248503 55.477384139,8.427248332 55.477384718,8.427248146 55.477385339,8.427247947 55.477385999,8.427247735 55.477386694,8.427247512 55.477387422,8.427247279 55.477388177,8.427247036 55.477388957,8.427246786 55.477389759,8.427246529 55.477390578,8.427246266 55.477391411,8.427245999 55.477392255,8.427245728 55.477393106,8.427245455 55.477393961,8.427245181 55.477394815,8.427244907 55.477395666,8.427244634 55.47739651,8.427244363 55.477397343,8.427244096 55.477398162,8.427243833 55.477398964,8.427243576 55.477399744,8.427243326 55.477400499,8.427243083 55.477401227,8.42724285 55.477401922,8.427242627 55.477402582,8.427242415 55.477403203,8.427242216 55.477403782,8.42724203 55.477404315,8.427241859 55.477404799,8.427241704 55.477405229,8.427241566 55.477405603,8.427241446 55.477405917,8.427241345 55.477406167,8.427241265 55.47740635,8.427241206 55.477406463,8.42724117 55.477406501,8.427241158 55.477406501,8.427241158 55.477406901,8.427240765 55.477408077,8.42723961 55.477409992,8.42723773 55.477412608,8.427235161 55.47741589,8.427231939 55.477419799,8.4272281 55.477424299,8.42722368 55.477429354,8.427218717 55.477434925,8.427213246 55.477440977,8.427207303 55.477447472,8.427200925 55.477454374,8.427194148 55.477461644,8.427187008 55.477469248,8.427179542 55.477477146,8.427171785 55.477485304,8.427163775 55.477493683,8.427155547 55.477502246,8.427147138 55.477510957,8.427138583 55.47751978,8.42712992 55.477528676,8.427121184 55.477537609,8.427112412 55.477546542,8.42710364 55.477555438,8.427094904 55.47756426,8.427086241 55.477572971,8.427077686 55.477581535,8.427069277 55.477589914,8.427061049 55.477598071,8.427053039 55.47760597,8.427045282 55.477613573,8.427037816 55.477620844,8.427030676 55.477627745,8.427023899 55.47763424,8.427017521 55.477640292,8.427011578 55.477645863,8.427006107 55.477650918,8.427001144 55.477655418,8.426996724 55.477659327,8.426992885 55.477662609,8.426989663 55.477665225,8.426987094 55.47766714,8.426985214 55.477668316,8.426984059 55.477668716,8.426983666","sm23c97261",,,,,,,,,,,,,,,Esbjerg,vesterhavsgade 100 6700 Esbjerg,Sti
Line,Sti,Overlay,,55.470470751,8.451696454,"55.470470751,8.451696454 55.470470685,8.45169699 55.470470491,8.451698566 55.470470174,8.451701132 55.470469742,8.451704638 55.4704692,8.451709035 55.470468554,8.451714273 55.47046781,8.451720304 55.470466975,8.451727077 55.470466054,8.451734543 55.470465054,8.451742652 55.470463981,8.451751356 55.47046284,8.451760603 55.470461639,8.451770346 55.470460382,8.451780535 55.470459077,8.451791119 55.470457729,8.45180205 55.470456345,8.451813278 55.47045493,8.451824753 55.47045349,8.451836426 55.470452032,8.451848248 55.470450562,8.451860169 55.470449086,8.451872139 55.47044761,8.451884109 55.47044614,8.45189603 55.470444682,8.451907852 55.470443242,8.451919525 55.470441827,8.451931 55.470440443,8.451942228 55.470439095,8.451953159 55.47043779,8.451963743 55.470436533,8.451973932 55.470435332,8.451983675 55.470434191,8.451992922 55.470433118,8.452001626 55.470432118,8.452009735 55.470431197,8.452017201 55.470430362,8.452023974 55.470429618,8.452030005 55.470428972,8.452035243 55.47042843,8.45203964 55.470427998,8.452043146 55.470427681,8.452045712 55.470427487,8.452047288 55.470427421,8.452047824","sm0ae18684",,,,,,,,,,,,,,,Esbjerg,h c ørsteds gade 21 6700 Esbjerg,Sti
Line,Sti,Overlay,,55.470001717,8.45153552,"55.470001717,8.45153552 55.470001681,8.451535837 55.470001575,8.451536769 55.470001403,8.451538287 55.470001168,8.451540361 55.470000873,8.451542963 55.470000522,8.451546062 55.470000117,8.45154963 55.469999663,8.451553636 55.469999163,8.451558053 55.469998619,8.451562851 55.469998035,8.451568 55.469997415,8.451573471 55.469996761,8.451579235 55.469996078,8.451585262 55.469995368,8.451591524 55.469994635,8.451597991 55.469993882,8.451604633 55.469993113,8.451611422 55.46999233,8.451618328 55.469991537,8.451625322 55.469990737,8.451632374 55.469989935,8.451639455 55.469989132,8.451646537 55.469988332,8.451653589 55.469987539,8.451660583 55.469986757,8.451667489 55.469985987,8.451674278 55.469985234,8.45168092 55.469984501,8.451687387 55.469983791,8.451693649 55.469983108,8.451699676 55.469982454,8.45170544 55.469981834,8.451710911 55.46998125,8.45171606 55.469980706,8.451720858 55.469980206,8.451725275 55.469979752,8.451729281 55.469979347,8.451732849 55.469978996,8.451735948 55.469978701,8.45173855 55.469978466,8.451740624 55.469978294,8.451742142 55.469978188,8.451743074 55.469978152,8.451743391","sm5aa8508b",,,,,,,,,,,,,,,Esbjerg,h c ørsteds gade 21 6700 Esbjerg,Sti
Polygon,Plads,Overlay,,55.460789169,8.500755407,"55.460789169,8.500755407 55.460789169,8.500755407 55.460789341,8.500756038 55.460862336,8.500723852 55.460880204,8.5007091 55.460887807,8.500675572 55.460887807,8.500675572 55.460912899,8.500852598 55.460901494,8.50083114 55.460871079,8.500845892 55.460835724,8.500861987 55.460833443,8.500874057 55.460834964,8.500882104 55.460872982,8.500864669 55.460911761,8.501098021 55.460811392,8.501147642 55.460760448,8.501163736 55.460732314,8.500904902 55.460727752,8.500899538 55.46072243,8.500904902 55.460721669,8.500916972 55.460730033,8.500988051 55.460680609,8.501012191 55.460692015,8.501100704 55.460650195,8.501119479 55.46066084,8.50120531 55.460469987,8.501300528 55.460430447,8.501020237 55.460147587,8.501130207 55.460186367,8.50141318 55.459992469,8.501509739 55.459945326,8.501153005 55.460152149,8.501064492 55.460086756,8.500581694 55.459884495,8.500678254 55.459867766,8.500570966 55.460226509,8.500433425 55.460242629,8.500597786 55.460259741,8.500585716 55.460268106,8.500644725 55.460284834,8.50063936 55.460297376,8.500719827 55.46031639,8.500836504 55.460337681,8.500898195 55.460378741,8.500933064 55.460468465,8.500900877 55.460726819,8.500790276 55.460726819,8.500790276 55.460726819,8.500790276 55.460789169,8.500755407","sm8cecba2e",,,,,,,,,,,,,,,Esbjerg,Måde industrivej 21. 6700 Esbjerg,Plads
Line,Hånd,Overlay,,55.510871929,8.485567396,,"sma547da58",,,,,,,,,,,,,,,Esbjerg,Edison park 1 6700 Esbjerg,Hånd
Line,Hånd,Overlay,,55.51036709,8.483859473,"55.51036709,8.483859473 55.510367034,8.483859518 55.510366871,8.48385965 55.510366605,8.483859866 55.510366241,8.48386016 55.510365785,8.483860529 55.510365241,8.483860969 55.510364616,8.483861476 55.510363913,8.483862044 55.510363139,8.483862671 55.510362297,8.483863352 55.510361395,8.483864083 55.510360435,8.48386486 55.510359424,8.483865678 55.510358368,8.483866533 55.510357269,8.483867422 55.510356136,8.48386834 55.510354971,8.483869282 55.51035378,8.483870246 55.510352569,8.483871226 55.510351343,8.483872219 55.510350106,8.48387322 55.510348865,8.483874225 55.510347623,8.48387523 55.510346386,8.483876231 55.51034516,8.483877224 55.510343949,8.483878204 55.510342758,8.483879168 55.510341593,8.48388011 55.51034046,8.483881028 55.510339362,8.483881917 55.510338305,8.483882772 55.510337294,8.48388359 55.510336334,8.483884367 55.510335432,8.483885098 55.51033459,8.483885779 55.510333816,8.483886406 55.510333113,8.483886974 55.510332488,8.483887481 55.510331944,8.483887921 55.510331488,8.48388829 55.510331124,8.483888584 55.510330858,8.4838888 55.510330695,8.483888932 55.510330639,8.483888977","sm9184cd0e",,,,,,,,,,,,,,,Esbjerg,Edison park 1 6700 Esbjerg,Hånd
Line,Hånd,Overlay,,55.510449107,8.483848744,"55.510449107,8.483848744 55.510448932,8.483848732 55.510448617,8.483848696 55.51044817,8.483848637 55.510447597,8.483848557 55.510446906,8.483848456 55.510446102,8.483848336 55.510445193,8.483848198 55.510444185,8.483848043 55.510443084,8.483847872 55.510441899,8.483847686 55.510440635,8.483847487 55.5104393,8.483847275 55.510437899,8.483847052 55.51043644,8.483846819 55.510434929,8.483846576 55.510433374,8.483846326 55.51043178,8.483846069 55.510430155,8.483845806 55.510428506,8.483845539 55.510426839,8.483845268 55.51042516,8.483844995 55.510423477,8.483844721 55.510421797,8.483844447 55.510420125,8.483844174 55.51041847,8.483843903 55.510416837,8.483843636 55.510415233,8.483843373 55.510413665,8.483843116 55.510412141,8.483842866 55.510410665,8.483842623 55.510409246,8.48384239 55.51040789,8.483842167 55.510406604,8.483841955 55.510405394,8.483841756 55.510404268,8.48384157 55.510403231,8.483841399 55.510402291,8.483841244 55.510401455,8.483841106 55.510400728,8.483840986 55.510400119,8.483840885 55.510399634,8.483840805 55.510399278,8.483840746 55.51039906,8.48384071 55.510398986,8.483840698","sm6d25ae38",,,,,,,,,,,,,,,Esbjerg,Edison park 1 6700 Esbjerg,Hånd
Line,Hånd,Overlay,,55.51066174,8.48458367,"55.51066174,8.48458367 55.510661602,8.484583801 55.510661396,8.484584186 55.510661127,8.484584813 55.510660796,8.484585669 55.510660409,8.484586743 55.510659967,8.484588023 55.510659475,8.484589496 55.510658935,8.48459115 55.510658351,8.484592974 55.510657727,8.484594955 55.510657065,8.484597081 55.510656369,8.48459934 55.510655642,8.48460172 55.510654888,8.484604209 55.510654109,8.484606794 55.51065331,8.484609464 55.510652493,8.484612207 55.510651662,8.48461501 55.510650819,8.484617861 55.51064997,8.484620749 55.510649116,8.484623661 55.510648261,8.484626585 55.510647408,8.484629509 55.510646561,8.484632421 55.510645723,8.484635309 55.510644898,8.48463816 55.510644088,8.484640963 55.510643297,8.484643706 55.510642528,8.484646376 55.510641785,8.484648961 55.51064107,8.48465145 55.510640388,8.48465383 55.510639742,8.484656089 55.510639134,8.484658215 55.510638568,8.484660196 55.510638048,8.48466202 55.510637577,8.484663674 55.510637157,8.484665147 55.510636793,8.484666427 55.510636488,8.484667501 55.510636245,8.484668357 55.510636067,8.484668984 55.510635958,8.484669369 55.510635921,8.4846695 55.510635921,8.4846695 55.510635879,8.48466957 55.510635757,8.484669774 55.510635557,8.484670107 55.510635284,8.484670562 55.510634942,8.484671133 55.510634535,8.484671812 55.510634065,8.484672595 55.510633538,8.484673474 55.510632957,8.484674443 55.510632326,8.484675495 55.510631649,8.484676625 55.51063093,8.484677825 55.510630172,8.484679089 55.510629379,8.484680411 55.510628555,8.484681785 55.510627705,8.484683203 55.510626831,8.48468466 55.510625938,8.48468615 55.51062503,8.484687664 55.51062411,8.484689199 55.510623183,8.484690746 55.510622252,8.484692299 55.51062132,8.484693852 55.510620393,8.484695399 55.510619473,8.484696934 55.510618565,8.484698448 55.510617672,8.484699938 55.510616798,8.484701395 55.510615948,8.484702813 55.510615124,8.484704187 55.510614331,8.484705509 55.510613573,8.484706773 55.510612854,8.484707973 55.510612177,8.484709103 55.510611546,8.484710155 55.510610965,8.484711124 55.510610438,8.484712003 55.510609968,8.484712786 55.510609561,8.484713465 55.510609219,8.484714036 55.510608946,8.484714491 55.510608746,8.484714824 55.510608624,8.484715028 55.510608582,8.484715098 55.510608582,8.484715098 55.510608533,8.484715147 55.51060839,8.484715291 55.510608157,8.484715526 55.510607839,8.484715848 55.51060744,8.48471625 55.510606964,8.48471673 55.510606417,8.484717283 55.510605802,8.484717903 55.510605125,8.484718587 55.510604388,8.48471933 55.510603598,8.484720127 55.510602759,8.484720974 55.510601875,8.484721867 55.51060095,8.4847228 55.510599989,8.484723769 55.510598997,8.484724771 55.510597978,8.484725799 55.510596936,8.48472685 55.510595876,8.48472792 55.510594803,8.484729003 55.510593721,8.484730095 55.510592635,8.484731191 55.510591548,8.484732287 55.510590466,8.484733379 55.510589393,8.484734462 55.510588333,8.484735532 55.510587291,8.484736583 55.510586272,8.484737611 55.51058528,8.484738613 55.510584319,8.484739582 55.510583394,8.484740515 55.51058251,8.484741408 55.510581671,8.484742255 55.510580881,8.484743052 55.510580144,8.484743795 55.510579467,8.484744479 55.510578852,8.484745099 55.510578305,8.484745652 55.510577829,8.484746132 55.51057743,8.484746534 55.510577112,8.484746856 55.510576879,8.484747091 55.510576736,8.484747235 55.510576687,8.484747284","sm19efadfd",,,,,,,,,,,,,,,Esbjerg,Edison park 1 6700 Esbjerg,Hånd
Line,Hånd,Overlay,,55.510752868,8.484060639,"55.510752868,8.484060639 55.510752785,8.484060725 55.510752539,8.484060978 55.51075214,8.484061389 55.510751595,8.484061951 55.51075091,8.484062656 55.510750095,8.484063496 55.510749157,8.484064462 55.510748103,8.484065548 55.510746941,8.484066745 55.510745679,8.484068045 55.510744325,8.48406944 55.510742886,8.484070922 55.51074137,8.484072484 55.510739784,8.484074117 55.510738137,8.484075814 55.510736436,8.484077566 55.510734689,8.484079366 55.510732903,8.484081206 55.510731087,8.484083077 55.510729247,8.484084972 55.510727392,8.484086883 55.51072553,8.484088802 55.510723667,8.484090721 55.510721812,8.484092632 55.510719972,8.484094527 55.510718156,8.484096398 55.51071637,8.484098238 55.510714623,8.484100038 55.510712922,8.48410179 55.510711275,8.484103487 55.510709689,8.48410512 55.510708173,8.484106682 55.510706734,8.484108164 55.51070538,8.484109559 55.510704118,8.484110859 55.510702956,8.484112056 55.510701902,8.484113142 55.510700964,8.484114108 55.510700149,8.484114948 55.510699464,8.484115653 55.510698919,8.484116215 55.51069852,8.484116626 55.510698274,8.484116879 55.510698191,8.484116965 55.510698191,8.484116965 55.51069814,8.484116854 55.51069799,8.48411653 55.510697746,8.484116001 55.510697413,8.484115278 55.510696995,8.484114372 55.510696496,8.484113292 55.510695923,8.484112049 55.510695279,8.484110654 55.510694569,8.484109115 55.510693798,8.484107443 55.51069297,8.48410565 55.510692091,8.484103743 55.510691164,8.484101735 55.510690195,8.484099636 55.510689189,8.484097454 55.510688149,8.484095201 55.510687082,8.484092887 55.51068599,8.484090522 55.51068488,8.484088116 55.510683756,8.48408568 55.510682622,8.484083223 55.510681484,8.484080755 55.510680346,8.484078288 55.510679212,8.484075831 55.510678088,8.484073395 55.510676978,8.484070989 55.510675886,8.484068624 55.510674819,8.48406631 55.510673779,8.484064057 55.510672773,8.484061875 55.510671804,8.484059776 55.510670877,8.484057768 55.510669998,8.484055861 55.51066917,8.484054068 55.510668399,8.484052396 55.510667689,8.484050857 55.510667045,8.484049462 55.510666472,8.484048219 55.510665973,8.484047139 55.510665555,8.484046233 55.510665222,8.48404551 55.510664978,8.484044981 55.510664828,8.484044657 55.510664777,8.484044546 55.510664777,8.484044546 55.510664758,8.484044562 55.510664704,8.48404461 55.510664615,8.484044689 55.510664494,8.484044796 55.510664342,8.48404493 55.510664161,8.48404509 55.510663952,8.484045274 55.510663718,8.484045481 55.51066346,8.484045709 55.51066318,8.484045957 55.510662879,8.484046222 55.510662559,8.484046505 55.510662222,8.484046802 55.51066187,8.484047113 55.510661504,8.484047436 55.510661126,8.48404777 55.510660737,8.484048113 55.510660341,8.484048463 55.510659937,8.48404882 55.510659528,8.484049181 55.510659116,8.484049545 55.510658702,8.48404991 55.510658288,8.484050275 55.510657876,8.484050639 55.510657467,8.484051 55.510657063,8.484051357 55.510656667,8.484051707 55.510656278,8.48405205 55.5106559,8.484052384 55.510655534,8.484052707 55.510655182,8.484053018 55.510654845,8.484053315 55.510654525,8.484053598 55.510654224,8.484053863 55.510653944,8.484054111 55.510653686,8.484054339 55.510653452,8.484054546 55.510653243,8.48405473 55.510653062,8.48405489 55.51065291,8.484055024 55.510652789,8.484055131 55.5106527,8.48405521 55.510652646,8.484055258 55.510652627,8.484055274 55.510652627,8.484055274 55.510652657,8.484055356 55.510652746,8.484055596 55.51065289,8.484055988 55.510653088,8.484056523 55.510653336,8.484057195 55.510653632,8.484057995 55.510653973,8.484058915 55.510654357,8.484059949 55.51065478,8.484061089 55.510655241,8.484062327 55.510655736,8.484063656 55.510656262,8.484065068 55.510656818,8.484066555 55.510657401,8.484068111 55.510658007,8.484069727 55.510658634,8.484071396 55.510659279,8.48407311 55.51065994,8.484074862 55.510660615,8.484076644 55.510661299,8.484078449 55.510661992,8.484080269 55.510662689,8.484082097 55.510663389,8.484083924 55.510664088,8.484085744 55.510664784,8.484087549 55.510665475,8.484089331 55.510666157,8.484091083 55.510666829,8.484092797 55.510667487,8.484094466 55.510668128,8.484096082 55.51066875,8.484097638 55.510669351,8.484099125 55.510669927,8.484100537 55.510670476,8.484101866 55.510670995,8.484103104 55.510671482,8.484104244 55.510671934,8.484105278 55.510672348,8.484106198 55.510672722,8.484106998 55.510673052,8.48410767 55.510673337,8.484108205 55.510673573,8.484108597 55.510673759,8.484108837 55.51067389,8.484108919 55.51067389,8.484108919 55.510674019,8.484109034 55.510674197,8.48410937 55.510674423,8.484109919 55.510674692,8.484110668 55.510675004,8.484111608 55.510675355,8.484112728 55.510675743,8.484114017 55.510676165,8.484115464 55.51067662,8.48411706 55.510677104,8.484118793 55.510677616,8.484120654 55.510678152,8.48412263 55.51067871,8.484124713 55.510679289,8.48412689 55.510679884,8.484129152 55.510680495,8.484131489 55.510681117,8.484133889 55.51068175,8.484136341 55.510682391,8.484138836 55.510683036,8.484141363 55.510683684,8.484143911 55.510684332,8.484146469 55.510684977,8.484149028 55.510685618,8.484151576 55.510686252,8.484154103 55.510686875,8.484156598 55.510687487,8.48415905 55.510688084,8.48416145 55.510688664,8.484163787 55.510689224,8.484166049 55.510689762,8.484168226 55.510690276,8.484170309 55.510690763,8.484172285 55.51069122,8.484174146 55.510691645,8.484175879 55.510692037,8.484177475 55.510692391,8.484178922 55.510692706,8.484180211 55.510692979,8.484181331 55.510693208,8.484182271 55.510693391,8.48418302 55.510693524,8.484183569 55.510693606,8.484183905 55.510693634,8.48418402 55.510693634,8.48418402 55.510693657,8.484184114 55.510693725,8.484184391 55.510693836,8.484184841 55.510693988,8.484185457 55.510694178,8.484186229 55.510694404,8.484187149 55.510694665,8.484188207 55.510694958,8.484189397 55.51069528,8.484190707 55.510695631,8.484192131 55.510696007,8.484193659 55.510696407,8.484195283 55.510696828,8.484196993 55.510697269,8.484198782 55.510697726,8.484200641 55.510698199,8.48420256 55.510698684,8.484204531 55.51069918,8.484206546 55.510699685,8.484208595 55.510700196,8.484210671 55.510700711,8.484212764 55.510701229,8.484214865 55.510701746,8.484216967 55.510702261,8.48421906 55.510702772,8.484221136 55.510703277,8.484223185 55.510703773,8.4842252 55.510704258,8.484227171 55.510704731,8.48422909 55.510705188,8.484230949 55.510705629,8.484232738 55.51070605,8.484234448 55.51070645,8.484236072 55.510706826,8.4842376 55.510707177,8.484239024 55.510707499,8.484240334 55.510707792,8.484241524 55.510708053,8.484242582 55.510708279,8.484243502 55.510708469,8.484244274 55.510708621,8.48424489 55.510708732,8.48424534 55.5107088,8.484245617 55.510708823,8.484245711 55.510708823,8.484245711 55.510708828,8.484245879 55.510708841,8.484246372 55.510708863,8.484247175 55.510708894,8.484248272 55.510708932,8.484249648 55.510708977,8.484251288 55.510709029,8.484253175 55.510709088,8.484255295 55.510709152,8.484257632 55.510709222,8.48426017 55.510709298,8.484262894 55.510709377,8.484265788 55.510709462,8.484268838 55.51070955,8.484272026 55.510709641,8.484275339 55.510709736,8.48427876 55.510709833,8.484282274 55.510709932,8.484285866 55.510710033,8.484289519 55.510710135,8.484293219 55.510710238,8.48429695 55.510710342,8.484300697 55.510710445,8.484304443 55.510710548,8.484308174 55.51071065,8.484311874 55.510710751,8.484315527 55.51071085,8.484319119 55.510710947,8.484322633 55.510711042,8.484326054 55.510711133,8.484329367 55.510711221,8.484332555 55.510711306,8.484335605 55.510711385,8.484338499 55.510711461,8.484341223 55.510711531,8.484343761 55.510711595,8.484346098 55.510711654,8.484348218 55.510711706,8.484350105 55.510711751,8.484351745 55.510711789,8.484353121 55.51071182,8.484354218 55.510711842,8.484355021 55.510711855,8.484355514 55.51071186,8.484355682 55.51071186,8.484355682 55.510711855,8.484355747 55.510711842,8.48435594 55.51071182,8.484356253 55.510711789,8.484356682 55.510711751,8.484357219 55.510711706,8.484357858 55.510711654,8.484358595 55.510711595,8.484359422 55.510711531,8.484360334 55.510711461,8.484361324 55.510711385,8.484362387 55.510711306,8.484363517 55.510711221,8.484364707 55.510711133,8.484365951 55.510711042,8.484367244 55.510710947,8.484368579 55.51071085,8.48436995 55.510710751,8.484371352 55.51071065,8.484372778 55.510710548,8.484374222 55.510710445,8.484375677 55.510710342,8.484377139 55.510710238,8.484378602 55.510710135,8.484380057 55.510710033,8.484381501 55.510709932,8.484382927 55.510709833,8.484384329 55.510709736,8.4843857 55.510709641,8.484387035 55.51070955,8.484388328 55.510709462,8.484389572 55.510709377,8.484390762 55.510709298,8.484391892 55.510709222,8.484392955 55.510709152,8.484393945 55.510709088,8.484394857 55.510709029,8.484395684 55.510708977,8.484396421 55.510708932,8.48439706 55.510708894,8.484397597 55.510708863,8.484398026 55.510708841,8.484398339 55.510708828,8.484398532 55.510708823,8.484398597 55.510708823,8.484398597 55.510708867,8.484398597 55.510708996,8.484398597 55.510709207,8.484398597 55.510709495,8.484398597 55.510709856,8.484398597 55.510710286,8.484398597 55.510710782,8.484398597 55.510711338,8.484398597 55.510711951,8.484398597 55.510712617,8.484398597 55.510713332,8.484398597 55.510714091,8.484398597 55.510714892,8.484398597 55.510715728,8.484398597 55.510716598,8.484398597 55.510717495,8.484398597 55.510718417,8.484398597 55.51071936,8.484398597 55.510720319,8.484398597 55.510721289,8.484398597 55.510722268,8.484398597 55.510723252,8.484398597 55.510724235,8.484398597 55.510725214,8.484398597 55.510726184,8.484398597 55.510727143,8.484398597 55.510728086,8.484398597 55.510729008,8.484398597 55.510729905,8.484398597 55.510730775,8.484398597 55.510731611,8.484398597 55.510732412,8.484398597 55.510733171,8.484398597 55.510733886,8.484398597 55.510734552,8.484398597 55.510735165,8.484398597 55.510735721,8.484398597 55.510736217,8.484398597 55.510736647,8.484398597 55.510737008,8.484398597 55.510737296,8.484398597 55.510737507,8.484398597 55.510737636,8.484398597 55.51073768,8.484398597 55.51073768,8.484398597 55.510737673,8.484398466 55.510737653,8.484398081 55.510737619,8.484397454 55.510737574,8.484396598 55.510737517,8.484395524 55.510737449,8.484394244 55.510737371,8.484392771 55.510737283,8.484391117 55.510737186,8.484389293 55.510737081,8.484387312 55.510736968,8.484385186 55.510736848,8.484382927 55.510736722,8.484380547 55.51073659,8.484378058 55.510736452,8.484375473 55.510736311,8.484372803 55.510736165,8.48437006 55.510736016,8.484367257 55.510735865,8.484364405 55.510735711,8.484361517 55.510735557,8.484358606 55.510735402,8.484355681 55.510735246,8.484352757 55.510735092,8.484349846 55.510734938,8.484346958 55.510734787,8.484344106 55.510734638,8.484341303 55.510734492,8.48433856 55.510734351,8.48433589 55.510734213,8.484333305 55.510734081,8.484330816 55.510733955,8.484328436 55.510733835,8.484326177 55.510733722,8.484324051 55.510733617,8.48432207 55.51073352,8.484320246 55.510733432,8.484318592 55.510733354,8.484317119 55.510733286,8.484315839 55.510733229,8.484314765 55.510733184,8.484313909 55.51073315,8.484313282 55.51073313,8.484312897 55.510733123,8.484312766 55.510733123,8.484312766 55.510733121,8.484312623 55.510733114,8.484312202 55.510733103,8.484311516 55.510733088,8.48431058 55.510733069,8.484309405 55.510733046,8.484308005 55.51073302,8.484306394 55.510732991,8.484304584 55.510732958,8.48430259 55.510732923,8.484300423 55.510732886,8.484298098 55.510732846,8.484295627 55.510732804,8.484293024 55.51073276,8.484290302 55.510732714,8.484287474 55.510732667,8.484284554 55.510732618,8.484281554 55.510732569,8.484278488 55.510732518,8.484275369 55.510732467,8.484272211 55.510732416,8.484269026 55.510732364,8.484265827 55.510732312,8.484262629 55.510732261,8.484259444 55.51073221,8.484256286 55.510732159,8.484253167 55.51073211,8.484250101 55.510732061,8.484247101 55.510732014,8.484244181 55.510731968,8.484241353 55.510731924,8.484238631 55.510731882,8.484236028 55.510731842,8.484233557 55.510731805,8.484231232 55.51073177,8.484229065 55.510731737,8.484227071 55.510731708,8.484225261 55.510731682,8.48422365 55.510731659,8.48422225 55.51073164,8.484221075 55.510731625,8.484220139 55.510731614,8.484219453 55.510731607,8.484219032 55.510731605,8.484218889 55.510731605,8.484218889 55.510731566,8.48421877 55.51073145,8.484218421 55.510731261,8.484217854 55.510731004,8.484217077 55.510730681,8.484216104 55.510730296,8.484214944 55.510729852,8.484213609 55.510729355,8.48421211 55.510728806,8.484210457 55.51072821,8.484208662 55.510727571,8.484206735 55.510726891,8.484204688 55.510726175,8.484202531 55.510725426,8.484200276 55.510724649,8.484197933 55.510723845,8.484195513 55.51072302,8.484193027 55.510722177,8.484190487 55.510721319,8.484187903 55.510720451,8.484185286 55.510719575,8.484182647 55.510718695,8.484179997 55.510717815,8.484177347 55.510716939,8.484174708 55.510716071,8.484172091 55.510715213,8.484169507 55.51071437,8.484166967 55.510713545,8.484164481 55.510712741,8.484162061 55.510711964,8.484159718 55.510711215,8.484157463 55.510710499,8.484155306 55.510709819,8.484153259 55.51070918,8.484151332 55.510708584,8.484149537 55.510708035,8.484147884 55.510707538,8.484146385 55.510707094,8.48414505 55.510706709,8.48414389 55.510706386,8.484142917 55.510706129,8.48414214 55.51070594,8.484141573 55.510705824,8.484141224 55.510705785,8.484141105","smf217da9b",,,,,,,,,,,,,,,Esbjerg,Edison park 1 6700 Esbjerg,Hånd
Line,Hånd,Overlay,,55.510156739,8.484243024,"55.510156739,8.484243024 55.510156731,8.48424312 55.510156709,8.484243403 55.510156673,8.484243863 55.510156624,8.484244492 55.510156562,8.484245281 55.510156488,8.484246221 55.510156403,8.484247303 55.510156308,8.484248518 55.510156203,8.484249857 55.510156089,8.484251312 55.510155966,8.484252873 55.510155836,8.484254532 55.510155699,8.48425628 55.510155556,8.484258108 55.510155407,8.484260007 55.510155253,8.484261968 55.510155095,8.484263982 55.510154933,8.484266041 55.510154769,8.484268135 55.510154603,8.484270256 55.510154435,8.484272395 55.510154267,8.484274542 55.510154098,8.484276689 55.51015393,8.484278828 55.510153764,8.484280949 55.5101536,8.484283043 55.510153438,8.484285102 55.51015328,8.484287116 55.510153126,8.484289077 55.510152977,8.484290976 55.510152834,8.484292804 55.510152697,8.484294552 55.510152567,8.484296211 55.510152444,8.484297772 55.51015233,8.484299227 55.510152225,8.484300566 55.51015213,8.484301781 55.510152045,8.484302863 55.510151971,8.484303803 55.510151909,8.484304592 55.51015186,8.484305221 55.510151824,8.484305681 55.510151802,8.484305964 55.510151794,8.48430606","sm2cc58ec5",,,,,,,,,,,,,,,Esbjerg,Edison park 1 6700 Esbjerg,Hånd
Polygon,Plads,Overlay,,55.511138621,8.482754396,"55.511138621,8.482754396 55.511176591,8.4827839 55.511199373,8.482834862 55.511220636,8.482915328 55.51124038,8.483111129 55.511251011,8.483186231 55.511257087,8.483395443 55.511176591,8.48340349 55.511187222,8.483660982 55.511249493,8.483631478 55.511254049,8.483674393 55.51125253,8.48370658 55.511243418,8.483752177 55.511237342,8.483789728 55.511235824,8.48384069 55.511214561,8.4840955 55.511219117,8.484285937 55.511254049,8.484497831 55.5113148,8.484661446 55.511412002,8.48483579 55.511471235,8.484948442 55.511519836,8.485053049 55.511548692,8.485163019 55.511554767,8.48524885 55.511422634,8.485302494 55.511410484,8.485211299 55.511009524,8.485348091 55.511015599,8.485441969 55.510982186,8.485447333 55.510929028,8.48543124 55.510877389,8.485353456 55.510824231,8.485211299 55.510769555,8.485077187 55.510825751,8.48500745 55.510866759,8.484924302 55.510909285,8.484827742 55.510942699,8.484736547 55.510968519,8.484631941 55.510982188,8.484519288 55.510985225,8.484401271 55.510980669,8.484283254 55.510963962,8.484141097 55.510935105,8.484028444 55.510945737,8.484020397 55.510965481,8.484092817 55.510988263,8.484232292 55.510995857,8.484350309 55.5109913,8.484481737 55.510988263,8.484562203 55.511132548,8.484610483 55.511140142,8.484505877 55.511144698,8.484414682 55.511141661,8.484280572 55.51112951,8.484146461 55.511109766,8.484025762 55.511083947,8.483915791 55.511050533,8.483813867 55.510994337,8.483685122 55.51092751,8.483567105 55.510866758,8.483478592 55.510783224,8.483679757 55.510828788,8.483749495 55.510865239,8.483808503 55.510892577,8.483872876 55.510912322,8.483926521 55.510906247,8.483931885 55.510856126,8.48381655 55.510812081,8.483738766 55.510758923,8.483666346 55.51071184,8.483620749 55.510657163,8.483599291 55.510640456,8.483677075 55.510629824,8.483660982 55.510616155,8.483623431 55.510611599,8.483569787 55.510616155,8.483526872 55.51062223,8.483467863 55.510623749,8.483408854 55.51062223,8.483309613 55.510614636,8.48324524 55.510602486,8.483186231 55.510591854,8.483145998 55.510604005,8.483089671 55.510514395,8.483140633 55.51054629,8.483162091 55.510553884,8.483213053 55.510567553,8.483309612 55.510570591,8.483416901 55.510562997,8.483534918 55.510543252,8.483588562 55.510525026,8.483615384 55.510506801,8.483631477 55.510490094,8.483631477 55.510461236,8.483642206 55.510444529,8.483556376 55.510376183,8.483585879 55.510313911,8.483620748 55.510248602,8.483682439 55.510181774,8.483784362 55.510114945,8.483894333 55.510064824,8.484052583 55.510026853,8.484205469 55.510075456,8.484232291 55.510063305,8.484374448 55.510063305,8.484492466 55.510075456,8.484589025 55.510102795,8.48470436 55.510143803,8.484830424 55.510102795,8.48488675 55.51016051,8.484996721 55.510216706,8.485079869 55.510282016,8.485149607 55.510362513,8.485197887 55.51041871,8.485227391 55.5104825,8.485230073 55.510564516,8.485219344 55.510619193,8.485208615 55.51068602,8.4851657 55.510707284,8.48514156 55.510742216,8.485230073 55.510638937,8.485358819 55.510604005,8.48542051 55.510562997,8.485509023 55.510517432,8.485476836 55.510488575,8.485616311 55.510458198,8.485787973 55.51044301,8.48595427 55.510441491,8.486225173 55.51045668,8.486418292 55.510497688,8.486635551 55.51054629,8.486825987 55.510635901,8.48704861 55.510720954,8.48720686 55.510790819,8.487306102 55.510877391,8.487099572 55.510780188,8.486944004 55.510714879,8.486809893 55.510648051,8.486622139 55.510613119,8.486445113 55.510590336,8.486300273 55.510584261,8.486144705 55.510587299,8.485970362 55.510608562,8.485793336 55.510628307,8.485680683 55.510651089,8.485597535 55.510622231,8.48556803 55.510622231,8.48554389 55.510626788,8.485511704 55.510681465,8.485420509 55.510768037,8.485289081 55.510623751,8.484931004 55.510553886,8.484971237 55.510493133,8.484976601 55.510414155,8.484960508 55.510359478,8.484922957 55.510320748,8.484886747 55.510294928,8.48495112 55.510247845,8.484888089 55.510193168,8.484778118 55.510143806,8.484603774 55.510120264,8.484480393 55.510121783,8.484291297 55.510139249,8.484166574 55.510179498,8.484025758 55.510275946,8.483875554 55.510361,8.483791064 55.510455166,8.48374949 55.510458965,8.483833978 55.51049086,8.483825931 55.510540221,8.483827272 55.51060553,8.483851412 55.510660207,8.483907738 55.510722478,8.483992227 55.51077032,8.484078058 55.510793102,8.484145113 55.510811328,8.484232284 55.510822719,8.484319455 55.510824998,8.484410651 55.510818922,8.484492458 55.510805253,8.484575606 55.510780952,8.484673507 55.510742982,8.484780795 55.510701974,8.484851874 55.510654132,8.4849082 55.510624515,8.484929658 55.51088575,8.485585459 55.511474279,8.485392338 55.5115487,8.486036068 55.511711208,8.485995835 55.511712727,8.486025339 55.511679314,8.486033386 55.511680833,8.486078984 55.511658051,8.486081666 55.51165957,8.486143357 55.511569963,8.486199683 55.511563888,8.48613531 55.510957892,8.486344522 55.510796899,8.486398166 55.510842463,8.486553735 55.510936629,8.486736125 55.511115847,8.48666907 55.511109772,8.486591285 55.511146223,8.48657251 55.511134072,8.486451811 55.511238869,8.486403531 55.511257094,8.486473268 55.51137404,8.486443764 55.511451498,8.486529595 55.511453017,8.486652976 55.511346702,8.486770993 55.511305695,8.486687845 55.511278357,8.486674434 55.511229756,8.486698574 55.511234312,8.4867549 55.511220643,8.486797816 55.510967005,8.486872917 55.511000418,8.486926562 55.511062689,8.486972159 55.511176598,8.487044579 55.511169004,8.486956066 55.511235831,8.48696143 55.511343664,8.486942655 55.511454535,8.486918515 55.511562368,8.486824638 55.511633751,8.486722714 55.511715764,8.486575192 55.51167172,8.486483997 55.511639826,8.486559099 55.511614007,8.486569828 55.51156085,8.486569828 55.511519843,8.486518866 55.511504655,8.486400849 55.511527437,8.486323065 55.511591225,8.4863177 55.511636788,8.486339158 55.511671719,8.486481315 55.511718801,8.48657251 55.511749177,8.486449128 55.511778033,8.486250645 55.511784108,8.486009246 55.511755251,8.485754436 55.511721839,8.485606915 55.511653494,8.485459393 55.511676276,8.485427207 55.511636788,8.485349423 55.51162084,8.485299802 55.511617043,8.485243475 55.511602615,8.485161668 55.511569961,8.485058403 55.511550217,8.484988665 55.511508451,8.4848854 55.511462128,8.484804934 55.511382392,8.484670824 55.511330753,8.484536713 55.51128519,8.484370416 55.511270002,8.484255081 55.511266964,8.484137064 55.511277596,8.483954674 55.511292783,8.483833974 55.511304934,8.483619398 55.511459849,8.483614033 55.511614764,8.483584529 55.512279982,8.483455784 55.512261757,8.483206339 55.511306452,8.483383365 55.511298858,8.483222433 55.511280633,8.482997127 55.511244182,8.482766457 55.511225957,8.482677944 55.511225957,8.482677944 55.511138621,8.482754396","smf6308d6b",,,,,,,,,,,,,,,Esbjerg,Edison park 1 6700 Esbjerg,Plads
Line,Stil,Overlay,,55.510465813,8.483829969,"55.510465813,8.483829969 55.51046591,8.483830014 55.510466196,8.483830146 55.510466662,8.483830362 55.510467299,8.483830656 55.510468097,8.483831025 55.510469048,8.483831465 55.510470143,8.483831972 55.510471372,8.48383254 55.510472728,8.483833167 55.5104742,8.483833848 55.51047578,8.483834579 55.510477459,8.483835356 55.510479228,8.483836174 55.510481078,8.483837029 55.510482999,8.483837918 55.510484984,8.483838836 55.510487022,8.483839778 55.510489105,8.483840742 55.510491224,8.483841722 55.510493371,8.483842715 55.510495535,8.483843716 55.510497708,8.483844721 55.510499881,8.483845726 55.510502045,8.483846727 55.510504192,8.48384772 55.510506311,8.4838487 55.510508394,8.483849664 55.510510432,8.483850606 55.510512417,8.483851524 55.510514338,8.483852413 55.510516188,8.483853268 55.510517957,8.483854086 55.510519636,8.483854863 55.510521216,8.483855594 55.510522688,8.483856275 55.510524044,8.483856902 55.510525273,8.48385747 55.510526368,8.483857977 55.510527319,8.483858417 55.510528117,8.483858786 55.510528754,8.48385908 55.51052922,8.483859296 55.510529506,8.483859428 55.510529603,8.483859473 55.510529603,8.483859473 55.510529698,8.483859592 55.510529977,8.483859941 55.510530432,8.483860508 55.510531053,8.483861285 55.510531833,8.483862258 55.510532761,8.483863418 55.51053383,8.483864753 55.51053503,8.483866252 55.510536353,8.483867905 55.51053779,8.4838697 55.510539333,8.483871627 55.510540972,8.483873674 55.510542698,8.483875831 55.510544504,8.483878086 55.51054638,8.483880429 55.510548317,8.483882849 55.510550307,8.483885335 55.510552341,8.483887875 55.510554409,8.483890459 55.510556504,8.483893076 55.510558617,8.483895715 55.510560739,8.483898365 55.51056286,8.483901015 55.510564973,8.483903654 55.510567068,8.483906271 55.510569136,8.483908855 55.51057117,8.483911395 55.51057316,8.483913881 55.510575097,8.483916301 55.510576973,8.483918644 55.510578779,8.483920899 55.510580505,8.483923056 55.510582144,8.483925103 55.510583687,8.48392703 55.510585124,8.483928825 55.510586447,8.483930478 55.510587647,8.483931977 55.510588716,8.483933312 55.510589644,8.483934472 55.510590424,8.483935445 55.510591045,8.483936222 55.5105915,8.483936789 55.510591779,8.483937138 55.510591874,8.483937257 55.510591874,8.483937257 55.510591953,8.4839374 55.510592184,8.483937821 55.510592561,8.483938507 55.510593077,8.483939443 55.510593723,8.483940618 55.510594493,8.483942018 55.510595379,8.483943629 55.510596375,8.483945439 55.510597472,8.483947433 55.510598664,8.4839496 55.510599943,8.483951925 55.510601302,8.483954396 55.510602734,8.483956999 55.510604231,8.483959721 55.510605787,8.483962549 55.510607393,8.483965469 55.510609043,8.483968469 55.51061073,8.483971535 55.510612445,8.483974654 55.510614183,8.483977812 55.510615935,8.483980997 55.510617694,8.483984195 55.510619453,8.483987394 55.510621205,8.483990579 55.510622943,8.483993737 55.510624658,8.483996856 55.510626345,8.483999922 55.510627995,8.484002922 55.510629601,8.484005842 55.510631157,8.48400867 55.510632654,8.484011392 55.510634086,8.484013995 55.510635445,8.484016466 55.510636724,8.484018791 55.510637916,8.484020958 55.510639013,8.484022952 55.510640009,8.484024762 55.510640895,8.484026373 55.510641665,8.484027773 55.510642311,8.484028948 55.510642827,8.484029884 55.510643204,8.48403057 55.510643435,8.484030991 55.510643514,8.484031134 55.510643514,8.484031134 55.51064356,8.484031093 55.510643697,8.484030973 55.510643918,8.484030777 55.510644221,8.484030509 55.510644602,8.484030174 55.510645054,8.484029774 55.510645576,8.484029313 55.510646161,8.484028796 55.510646807,8.484028226 55.510647508,8.484027607 55.51064826,8.484026943 55.51064906,8.484026237 55.510649902,8.484025493 55.510650783,8.484024716 55.510651698,8.484023908 55.510652643,8.484023073 55.510653613,8.484022216 55.510654605,8.48402134 55.510655615,8.484020449 55.510656637,8.484019547 55.510657667,8.484018637 55.510658702,8.484017723 55.510659737,8.484016809 55.510660767,8.484015899 55.510661789,8.484014997 55.510662799,8.484014106 55.510663791,8.48401323 55.510664761,8.484012373 55.510665706,8.484011538 55.510666621,8.48401073 55.510667502,8.484009953 55.510668344,8.484009209 55.510669144,8.484008503 55.510669896,8.484007839 55.510670597,8.48400722 55.510671243,8.48400665 55.510671828,8.484006133 55.51067235,8.484005672 55.510672802,8.484005272 55.510673183,8.484004937 55.510673486,8.484004669 55.510673707,8.484004473 55.510673844,8.484004353 55.51067389,8.484004312 55.51067389,8.484004312 55.510673744,8.484004124 55.510673315,8.48400357 55.510672616,8.48400267 55.510671661,8.484001438 55.510670464,8.483999894 55.510669037,8.483998055 55.510667395,8.483995937 55.510665551,8.483993559 55.510663518,8.483990937 55.510661309,8.48398809 55.510658939,8.483985034 55.510656421,8.483981786 55.510653768,8.483978365 55.510650993,8.483974788 55.510648111,8.483971071 55.510645134,8.483967233 55.510642077,8.48396329 55.510638952,8.483959261 55.510635773,8.483955162 55.510632554,8.483951011 55.510629307,8.483946825 55.510626048,8.483942621 55.510622788,8.483938418 55.510619542,8.483934232 55.510616322,8.483930081 55.510613143,8.483925982 55.510610018,8.483921953 55.510606961,8.48391801 55.510603984,8.483914172 55.510601102,8.483910455 55.510598327,8.483906878 55.510595674,8.483903457 55.510593156,8.483900209 55.510590786,8.483897153 55.510588577,8.483894306 55.510586544,8.483891684 55.5105847,8.483889306 55.510583058,8.483887188 55.510581631,8.483885349 55.510580434,8.483883805 55.510579479,8.483882573 55.51057878,8.483881673 55.510578351,8.483881119 55.510578205,8.483880931 55.510578205,8.483880931 55.510578138,8.483880866 55.51057794,8.483880673 55.510577619,8.48388036 55.510577179,8.483879931 55.510576628,8.483879394 55.510575971,8.483878755 55.510575215,8.483878018 55.510574366,8.483877191 55.51057343,8.483876279 55.510572414,8.483875288 55.510571323,8.483874225 55.510570164,8.483873096 55.510568942,8.483871906 55.510567665,8.483870661 55.510566338,8.483869369 55.510564968,8.483868034 55.510563561,8.483866662 55.510562122,8.483865261 55.510560659,8.483863835 55.510559177,8.483862391 55.510557683,8.483860935 55.510556182,8.483859473 55.510554681,8.483858011 55.510553187,8.483856555 55.510551705,8.483855111 55.510550242,8.483853685 55.510548803,8.483852284 55.510547396,8.483850912 55.510546026,8.483849577 55.510544699,8.483848285 55.510543422,8.48384704 55.5105422,8.48384585 55.510541041,8.483844721 55.51053995,8.483843658 55.510538934,8.483842667 55.510537998,8.483841755 55.510537149,8.483840928 55.510536393,8.483840191 55.510535736,8.483839552 55.510535185,8.483839015 55.510534745,8.483838586 55.510534424,8.483838273 55.510534226,8.48383808 55.510534159,8.483838015 55.510534159,8.483838015 55.510534284,8.483838076 55.510534652,8.483838257 55.510535251,8.483838551 55.510536069,8.483838952 55.510537096,8.483839456 55.510538318,8.483840055 55.510539726,8.483840746 55.510541307,8.483841521 55.51054305,8.483842376 55.510544942,8.483843305 55.510546974,8.483844302 55.510549133,8.483845361 55.510551407,8.483846476 55.510553785,8.483847643 55.510556256,8.483848855 55.510558807,8.483850106 55.510561428,8.483851392 55.510564106,8.483852706 55.510566831,8.483854043 55.51056959,8.483855396 55.510572373,8.483856761 55.510575167,8.483858132 55.510577961,8.483859503 55.510580744,8.483860868 55.510583503,8.483862221 55.510586228,8.483863558 55.510588906,8.483864872 55.510591527,8.483866158 55.510594079,8.483867409 55.510596549,8.483868621 55.510598927,8.483869788 55.510601201,8.483870903 55.51060336,8.483871962 55.510605392,8.483872959 55.510607284,8.483873888 55.510609027,8.483874743 55.510610608,8.483875518 55.510612016,8.483876209 55.510613238,8.483876808 55.510614265,8.483877312 55.510615083,8.483877713 55.510615682,8.483878007 55.51061605,8.483878188 55.510616175,8.483878249 55.510616175,8.483878249 55.510616289,8.4838784 55.510616622,8.483878845 55.510617166,8.48387957 55.510617908,8.48388056 55.51061884,8.483881802 55.510619949,8.483883282 55.510621227,8.483884985 55.510622661,8.483886898 55.510624242,8.483889007 55.51062596,8.483891297 55.510627803,8.483893755 55.510629762,8.483896367 55.510631826,8.483899119 55.510633984,8.483901997 55.510636226,8.483904986 55.510638541,8.483908073 55.510640919,8.483911245 55.510643349,8.483914486 55.510645822,8.483917783 55.510648326,8.483921122 55.510650851,8.483924489 55.510653386,8.483927869 55.510655921,8.48393125 55.510658446,8.483934617 55.51066095,8.483937956 55.510663423,8.483941253 55.510665853,8.483944494 55.510668231,8.483947666 55.510670546,8.483950753 55.510672788,8.483953742 55.510674946,8.48395662 55.51067701,8.483959372 55.510678969,8.483961984 55.510680812,8.483964442 55.51068253,8.483966732 55.510684111,8.483968841 55.510685545,8.483970754 55.510686823,8.483972457 55.510687932,8.483973937 55.510688864,8.483975179 55.510689606,8.483976169 55.51069015,8.483976894 55.510690483,8.483977339 55.510690597,8.48397749","sm43c7dc83",,,,,,,,,,,,,,,Esbjerg,Edison park 1 6700 Esbjerg,Stil
Line,Stil,Overlay,,55.510449862,8.483792416,"55.510449862,8.483792416 55.510449754,8.483792443 55.510449438,8.483792521 55.510448922,8.483792648 55.510448217,8.483792822 55.510447333,8.48379304 55.51044628,8.4837933 55.510445068,8.483793599 55.510443707,8.483793936 55.510442206,8.483794306 55.510440576,8.483794708 55.510438827,8.48379514 55.510436968,8.483795599 55.51043501,8.483796083 55.510432962,8.483796588 55.510430834,8.483797113 55.510428637,8.483797656 55.510426381,8.483798213 55.510424074,8.483798782 55.510421728,8.483799361 55.510419352,8.483799948 55.510416956,8.48380054 55.51041455,8.483801133 55.510412144,8.483801727 55.510409747,8.483802319 55.510407371,8.483802906 55.510405025,8.483803485 55.510402718,8.483804054 55.510400462,8.483804611 55.510398265,8.483805154 55.510396137,8.483805679 55.510394089,8.483806184 55.510392131,8.483806668 55.510390272,8.483807127 55.510388523,8.483807559 55.510386893,8.483807961 55.510385392,8.483808331 55.510384031,8.483808668 55.510382819,8.483808967 55.510381766,8.483809227 55.510380882,8.483809445 55.510380177,8.483809619 55.510379661,8.483809746 55.510379345,8.483809824 55.510379237,8.483809851 55.510379237,8.483809851 55.510379129,8.483809945 55.510378813,8.483810222 55.510378297,8.483810672 55.510377592,8.483811288 55.510376708,8.48381206 55.510375655,8.48381298 55.510374443,8.483814038 55.510373082,8.483815228 55.510371581,8.483816538 55.510369951,8.483817962 55.510368202,8.48381949 55.510366343,8.483821114 55.510364385,8.483822824 55.510362337,8.483824613 55.510360209,8.483826472 55.510358012,8.483828391 55.510355756,8.483830362 55.510353449,8.483832377 55.510351103,8.483834426 55.510348727,8.483836502 55.510346331,8.483838595 55.510343925,8.483840696 55.510341519,8.483842798 55.510339122,8.483844891 55.510336746,8.483846967 55.5103344,8.483849016 55.510332093,8.483851031 55.510329837,8.483853002 55.51032764,8.483854921 55.510325512,8.48385678 55.510323464,8.483858569 55.510321506,8.483860279 55.510319647,8.483861903 55.510317898,8.483863431 55.510316268,8.483864855 55.510314767,8.483866165 55.510313406,8.483867355 55.510312194,8.483868413 55.510311141,8.483869333 55.510310257,8.483870105 55.510309552,8.483870721 55.510309036,8.483871171 55.51030872,8.483871448 55.510308612,8.483871542 55.510308612,8.483871542 55.510308501,8.483871683 55.510308174,8.483872098 55.510307641,8.483872774 55.510306914,8.483873697 55.510306002,8.483874855 55.510304915,8.483876235 55.510303664,8.483877823 55.510302258,8.483879607 55.510300709,8.483881573 55.510299027,8.483883709 55.510297221,8.483886001 55.510295302,8.483888436 55.51029328,8.483891002 55.510291167,8.483893685 55.51028897,8.483896473 55.510286702,8.483899351 55.510284373,8.483902308 55.510281992,8.483905331 55.51027957,8.483908405 55.510277117,8.483911518 55.510274644,8.483914658 55.51027216,8.48391781 55.510269676,8.483920962 55.510267203,8.483924102 55.51026475,8.483927215 55.510262328,8.483930289 55.510259947,8.483933312 55.510257618,8.483936269 55.51025535,8.483939147 55.510253153,8.483941935 55.51025104,8.483944618 55.510249018,8.483947184 55.510247099,8.483949619 55.510245293,8.483951911 55.510243611,8.483954047 55.510242062,8.483956013 55.510240656,8.483957797 55.510239405,8.483959385 55.510238318,8.483960765 55.510237406,8.483961923 55.510236679,8.483962846 55.510236146,8.483963522 55.510235819,8.483963937 55.510235708,8.483964078","smb33cd425",,,,,,,,,,,,,,,Esbjerg,Edison park 1 6700 Esbjerg,Stil
Line,Stil,Overlay,,55.510064448,8.484515262,"55.510064448,8.484515262 55.510064117,8.484515401 55.510063143,8.48451581 55.510061557,8.484516476 55.510059389,8.484517386 55.510056671,8.484518527 55.510053433,8.484519887 55.510049706,8.484521452 55.510045519,8.48452321 55.510040904,8.484525148 55.510035891,8.484527252 55.510030512,8.484529511 55.510024795,8.484531912 55.510018773,8.48453444 55.510012475,8.484537085 55.510005932,8.484539832 55.509999176,8.484542669 55.509992235,8.484545583 55.509985142,8.484548561 55.509977926,8.484551591 55.509970619,8.484554659 55.50996325,8.484557753 55.509955851,8.48456086 55.509948452,8.484563967 55.509941083,8.484567061 55.509933776,8.484570129 55.50992656,8.484573159 55.509919467,8.484576137 55.509912527,8.484579051 55.50990577,8.484581888 55.509899227,8.484584635 55.50989293,8.48458728 55.509886907,8.484589808 55.509881191,8.484592209 55.509875811,8.484594468 55.509870798,8.484596572 55.509866183,8.48459851 55.509861996,8.484600268 55.509858269,8.484601833 55.509855031,8.484603193 55.509852313,8.484604334 55.509850145,8.484605244 55.509848559,8.48460591 55.509847585,8.484606319 55.509847254,8.484606458","sm0dc9056b",,,,,,,,,,,,,,,Esbjerg,Edison park 1 6700 Esbjerg,Stil
Line,Stil,Overlay,,55.511181916,8.483560397,"55.511181916,8.483560397 55.511181873,8.483560479 55.511181747,8.483560719 55.511181542,8.483561111 55.511181262,8.483561646 55.51118091,8.483562318 55.511180491,8.483563117 55.511180009,8.483564038 55.511179467,8.483565072 55.51117887,8.483566212 55.511178222,8.48356745 55.511177526,8.483568779 55.511176786,8.483570191 55.511176007,8.483571678 55.511175192,8.483573234 55.511174346,8.48357485 55.511173472,8.483576518 55.511172574,8.483578233 55.511171656,8.483579985 55.511170723,8.483581767 55.511169777,8.483583572 55.511168824,8.483585391 55.511167867,8.483587219 55.51116691,8.483589047 55.511165957,8.483590866 55.511165011,8.483592671 55.511164078,8.483594453 55.51116316,8.483596205 55.511162262,8.48359792 55.511161388,8.483599588 55.511160542,8.483601204 55.511159727,8.48360276 55.511158948,8.483604247 55.511158208,8.483605659 55.511157512,8.483606988 55.511156864,8.483608226 55.511156267,8.483609366 55.511155725,8.4836104 55.511155243,8.483611321 55.511154824,8.48361212 55.511154472,8.483612792 55.511154192,8.483613327 55.511153987,8.483613719 55.511153861,8.483613959 55.511153818,8.483614041 55.511153818,8.483614041 55.511153789,8.483614117 55.511153704,8.483614339 55.511153565,8.483614702 55.511153376,8.483615197 55.511153138,8.483615818 55.511152855,8.483616557 55.511152529,8.483617409 55.511152163,8.483618366 55.51115176,8.48361942 55.511151322,8.483620565 55.511150852,8.483621794 55.511150352,8.4836231 55.511149826,8.483624476 55.511149275,8.483625915 55.511148703,8.48362741 55.511148113,8.483628953 55.511147506,8.483630539 55.511146886,8.48363216 55.511146256,8.483633808 55.511145617,8.483635478 55.511144973,8.483637161 55.511144326,8.483638851 55.511143679,8.483640542 55.511143035,8.483642225 55.511142396,8.483643895 55.511141766,8.483645543 55.511141146,8.483647164 55.511140539,8.48364875 55.511139949,8.483650293 55.511139377,8.483651788 55.511138826,8.483653227 55.5111383,8.483654603 55.5111378,8.483655909 55.51113733,8.483657138 55.511136892,8.483658283 55.511136489,8.483659337 55.511136123,8.483660294 55.511135797,8.483661146 55.511135514,8.483661885 55.511135276,8.483662506 55.511135087,8.483663001 55.511134948,8.483663364 55.511134863,8.483663586 55.511134834,8.483663662 55.511134834,8.483663662 55.511134814,8.483663762 55.511134756,8.483664057 55.511134662,8.483664537 55.511134533,8.483665193 55.511134372,8.483666015 55.511134179,8.483666995 55.511133958,8.483668122 55.511133709,8.483669389 55.511133435,8.483670785 55.511133137,8.483672302 55.511132817,8.48367393 55.511132477,8.483675659 55.511132119,8.483677482 55.511131745,8.483679387 55.511131356,8.483681366 55.511130954,8.483683411 55.511130542,8.483685511 55.51113012,8.483687657 55.511129691,8.48368984 55.511129257,8.483692051 55.511128819,8.48369428 55.511128379,8.483696519 55.511127939,8.483698758 55.511127501,8.483700987 55.511127067,8.483703198 55.511126638,8.483705381 55.511126216,8.483707527 55.511125804,8.483709627 55.511125402,8.483711672 55.511125013,8.483713651 55.511124639,8.483715556 55.511124281,8.483717379 55.511123941,8.483719108 55.511123621,8.483720736 55.511123323,8.483722253 55.511123049,8.483723649 55.5111228,8.483724916 55.511122579,8.483726043 55.511122386,8.483727023 55.511122225,8.483727845 55.511122096,8.483728501 55.511122002,8.483728981 55.511121944,8.483729276 55.511121924,8.483729376 55.511121924,8.483729376 55.511121917,8.483729458 55.511121897,8.483729698 55.511121863,8.48373009 55.511121818,8.483730625 55.511121761,8.483731297 55.511121693,8.483732096 55.511121615,8.483733017 55.511121527,8.483734051 55.51112143,8.483735191 55.511121325,8.483736429 55.511121212,8.483737758 55.511121092,8.48373917 55.511120966,8.483740657 55.511120834,8.483742213 55.511120696,8.483743829 55.511120555,8.483745497 55.511120409,8.483747212 55.51112026,8.483748964 55.511120109,8.483750746 55.511119955,8.483752551 55.511119801,8.48375437 55.511119646,8.483756198 55.51111949,8.483758026 55.511119336,8.483759845 55.511119182,8.48376165 55.511119031,8.483763432 55.511118882,8.483765184 55.511118736,8.483766899 55.511118595,8.483768567 55.511118457,8.483770183 55.511118325,8.483771739 55.511118199,8.483773226 55.511118079,8.483774638 55.511117966,8.483775967 55.511117861,8.483777205 55.511117764,8.483778345 55.511117676,8.483779379 55.511117598,8.4837803 55.51111753,8.483781099 55.511117473,8.483781771 55.511117428,8.483782306 55.511117394,8.483782698 55.511117374,8.483782938 55.511117367,8.48378302 55.511117367,8.48378302 55.511117354,8.483783073 55.511117317,8.48378323 55.511117256,8.483783484 55.511117172,8.483783832 55.511117068,8.483784268 55.511116943,8.483784788 55.5111168,8.483785387 55.511116639,8.483786059 55.511116462,8.4837868 55.511116269,8.483787605 55.511116062,8.483788468 55.511115842,8.483789386 55.51111561,8.483790353 55.511115368,8.483791364 55.511115117,8.483792414 55.511114857,8.483793499 55.51111459,8.483794613 55.511114317,8.483795752 55.511114039,8.48379691 55.511113758,8.483798084 55.511113475,8.483799267 55.511113191,8.483800454 55.511112906,8.483801642 55.511112623,8.483802825 55.511112342,8.483803999 55.511112064,8.483805157 55.511111791,8.483806296 55.511111524,8.48380741 55.511111264,8.483808495 55.511111013,8.483809545 55.511110771,8.483810556 55.511110539,8.483811523 55.511110319,8.483812441 55.511110112,8.483813304 55.511109919,8.483814109 55.511109742,8.48381485 55.511109581,8.483815522 55.511109438,8.483816121 55.511109313,8.483816641 55.511109209,8.483817077 55.511109125,8.483817425 55.511109064,8.483817679 55.511109027,8.483817836 55.511109014,8.483817889 55.511109014,8.483817889 55.51110899,8.483817954 55.511108918,8.483818147 55.511108802,8.48381846 55.511108643,8.483818889 55.511108443,8.483819426 55.511108205,8.483820065 55.511107932,8.483820802 55.511107624,8.483821629 55.511107285,8.483822541 55.511106917,8.483823531 55.511106522,8.483824594 55.511106103,8.483825724 55.51110566,8.483826914 55.511105198,8.483828158 55.511104718,8.483829451 55.511104222,8.483830786 55.511103712,8.483832157 55.511103191,8.483833559 55.511102661,8.483834985 55.511102125,8.483836429 55.511101584,8.483837884 55.511101041,8.483839347 55.511100497,8.483840809 55.511099956,8.483842264 55.51109942,8.483843708 55.51109889,8.483845134 55.511098369,8.483846536 55.511097859,8.483847907 55.511097363,8.483849242 55.511096883,8.483850535 55.511096421,8.483851779 55.511095978,8.483852969 55.511095559,8.483854099 55.511095164,8.483855162 55.511094796,8.483856152 55.511094457,8.483857064 55.511094149,8.483857891 55.511093876,8.483858628 55.511093638,8.483859267 55.511093438,8.483859804 55.511093279,8.483860233 55.511093163,8.483860546 55.511093091,8.483860739 55.511093067,8.483860804 55.511093067,8.483860804 55.511093043,8.483860841 55.511092971,8.483860949 55.511092855,8.483861125 55.511092696,8.483861366 55.511092496,8.483861668 55.511092258,8.483862028 55.511091985,8.483862443 55.511091677,8.483862908 55.511091338,8.483863421 55.51109097,8.483863978 55.511090575,8.483864576 55.511090155,8.483865211 55.511089713,8.483865881 55.511089251,8.483866581 55.51108877,8.483867308 55.511088274,8.483868059 55.511087765,8.48386883 55.511087244,8.483869618 55.511086714,8.48387042 55.511086177,8.483871233 55.511085636,8.483872052 55.511085093,8.483872874 55.51108455,8.483873696 55.511084009,8.483874515 55.511083472,8.483875328 55.511082942,8.48387613 55.511082421,8.483876918 55.511081912,8.483877689 55.511081416,8.48387844 55.511080935,8.483879167 55.511080473,8.483879867 55.511080031,8.483880537 55.511079611,8.483881172 55.511079216,8.48388177 55.511078848,8.483882327 55.511078509,8.48388284 55.511078201,8.483883305 55.511077928,8.48388372 55.51107769,8.48388408 55.51107749,8.483884382 55.511077331,8.483884623 55.511077215,8.483884799 55.511077143,8.483884907 55.511077119,8.483884944","smc8e5f703",,,,,,,,,,,,,,,Esbjerg,Edison park 1 6700 Esbjerg,Stil
Line,Stil,Overlay,,55.510794626,8.484532705,"55.510794626,8.484532705 55.510794607,8.484532842 55.510794553,8.484533245 55.510794464,8.484533901 55.510794343,8.484534798 55.510794191,8.484535922 55.51079401,8.484537262 55.510793801,8.484538804 55.510793567,8.484540536 55.510793309,8.484542445 55.510793029,8.484544519 55.510792728,8.484546745 55.510792408,8.48454911 55.510792071,8.484551601 55.510791719,8.484554207 55.510791353,8.484556913 55.510790975,8.484559708 55.510790586,8.48456258 55.51079019,8.484565514 55.510789786,8.484568499 55.510789377,8.484571522 55.510788965,8.484574571 55.510788551,8.484577632 55.510788137,8.484580693 55.510787725,8.484583742 55.510787316,8.484586765 55.510786912,8.48458975 55.510786516,8.484592684 55.510786127,8.484595556 55.510785749,8.484598351 55.510785383,8.484601057 55.510785031,8.484603663 55.510784694,8.484606154 55.510784374,8.484608519 55.510784073,8.484610745 55.510783793,8.484612819 55.510783535,8.484614728 55.510783301,8.48461646 55.510783092,8.484618002 55.510782911,8.484619342 55.510782759,8.484620466 55.510782638,8.484621363 55.510782549,8.484622019 55.510782495,8.484622422 55.510782476,8.484622559 55.510782476,8.484622559 55.510782449,8.484622667 55.510782371,8.484622986 55.510782243,8.484623505 55.510782069,8.484624214 55.510781851,8.484625104 55.51078159,8.484626164 55.51078129,8.484627384 55.510780954,8.484628754 55.510780583,8.484630264 55.510780179,8.484631904 55.510779747,8.484633665 55.510779287,8.484635536 55.510778803,8.484637507 55.510778296,8.484639568 55.51077777,8.484641709 55.510777227,8.48464392 55.510776669,8.484646191 55.510776098,8.484648513 55.510775518,8.484650874 55.51077493,8.484653266 55.510774338,8.484655677 55.510773743,8.484658098 55.510773147,8.48466052 55.510772555,8.484662931 55.510771967,8.484665323 55.510771387,8.484667684 55.510770816,8.484670006 55.510770258,8.484672277 55.510769715,8.484674488 55.510769189,8.484676629 55.510768682,8.48467869 55.510768198,8.484680661 55.510767738,8.484682532 55.510767306,8.484684293 55.510766902,8.484685933 55.510766531,8.484687443 55.510766195,8.484688813 55.510765895,8.484690033 55.510765634,8.484691093 55.510765416,8.484691983 55.510765242,8.484692692 55.510765114,8.484693211 55.510765036,8.48469353 55.510765009,8.484693638 55.510765009,8.484693638 55.510764968,8.48469374 55.510764849,8.484694041 55.510764655,8.484694531 55.51076439,8.4846952 55.510764057,8.484696039 55.510763661,8.484697039 55.510763205,8.484698189 55.510762693,8.484699482 55.510762128,8.484700907 55.510761514,8.484702454 55.510760856,8.484704115 55.510760156,8.48470588 55.510759419,8.48470774 55.510758649,8.484709684 55.510757848,8.484711704 55.510757021,8.48471379 55.510756172,8.484715932 55.510755304,8.484718122 55.510754421,8.48472035 55.510753527,8.484722606 55.510752625,8.484724881 55.51075172,8.484727165 55.510750814,8.48472945 55.510749912,8.484731725 55.510749018,8.484733981 55.510748135,8.484736209 55.510747267,8.484738399 55.510746418,8.484740541 55.510745591,8.484742627 55.51074479,8.484744647 55.51074402,8.484746591 55.510743283,8.484748451 55.510742583,8.484750216 55.510741925,8.484751877 55.510741311,8.484753424 55.510740746,8.484754849 55.510740234,8.484756142 55.510739778,8.484757292 55.510739382,8.484758292 55.510739049,8.484759131 55.510738784,8.4847598 55.51073859,8.48476029 55.510738471,8.484760591 55.51073843,8.484760693 55.51073843,8.484760693 55.510738377,8.484760775 55.51073822,8.484761015 55.510737965,8.484761407 55.510737616,8.484761942 55.510737179,8.484762614 55.510736658,8.484763413 55.510736059,8.484764334 55.510735386,8.484765368 55.510734643,8.484766508 55.510733837,8.484767746 55.510732972,8.484769075 55.510732052,8.484770487 55.510731084,8.484771974 55.510730071,8.48477353 55.510729019,8.484775146 55.510727932,8.484776814 55.510726816,8.484778529 55.510725675,8.484780281 55.510724514,8.484782063 55.510723339,8.484783868 55.510722154,8.484785687 55.510720964,8.484787515 55.510719774,8.484789343 55.510718589,8.484791162 55.510717414,8.484792967 55.510716253,8.484794749 55.510715112,8.484796501 55.510713996,8.484798216 55.510712909,8.484799884 55.510711857,8.4848015 55.510710844,8.484803056 55.510709876,8.484804543 55.510708956,8.484805955 55.510708091,8.484807284 55.510707285,8.484808522 55.510706542,8.484809662 55.510705869,8.484810696 55.51070527,8.484811617 55.510704749,8.484812416 55.510704312,8.484813088 55.510703963,8.484813623 55.510703708,8.484814015 55.510703551,8.484814255 55.510703498,8.484814337 55.510703498,8.484814337 55.510703447,8.4848144 55.510703297,8.484814587 55.510703053,8.48481489 55.51070272,8.484815305 55.510702302,8.484815826 55.510701803,8.484816445 55.51070123,8.484817159 55.510700586,8.48481796 55.510699876,8.484818844 55.510699105,8.484819803 55.510698277,8.484820833 55.510697398,8.484821927 55.510696471,8.48482308 55.510695502,8.484824286 55.510694496,8.484825538 55.510693456,8.484826831 55.510692389,8.48482816 55.510691297,8.484829518 55.510690187,8.484830899 55.510689063,8.484832298 55.510687929,8.484833708 55.510686791,8.484835124 55.510685653,8.484836541 55.510684519,8.484837951 55.510683395,8.48483935 55.510682285,8.484840731 55.510681193,8.484842089 55.510680126,8.484843418 55.510679086,8.484844711 55.51067808,8.484845963 55.510677111,8.484847169 55.510676184,8.484848322 55.510675305,8.484849416 55.510674477,8.484850446 55.510673706,8.484851405 55.510672996,8.484852289 55.510672352,8.48485309 55.510671779,8.484853804 55.51067128,8.484854423 55.510670862,8.484854944 55.510670529,8.484855359 55.510670285,8.484855662 55.510670135,8.484855849 55.510670084,8.484855912 55.510670084,8.484855912 55.510670033,8.484855804 55.510669883,8.484855485 55.510669639,8.484854966 55.510669306,8.484854257 55.510668888,8.484853367 55.510668389,8.484852307 55.510667816,8.484851087 55.510667172,8.484849717 55.510666462,8.484848207 55.510665691,8.484846567 55.510664863,8.484844806 55.510663984,8.484842935 55.510663057,8.484840964 55.510662088,8.484838903 55.510661082,8.484836762 55.510660042,8.484834551 55.510658975,8.48483228 55.510657883,8.484829958 55.510656773,8.484827597 55.510655649,8.484825205 55.510654515,8.484822794 55.510653377,8.484820372 55.510652239,8.484817951 55.510651105,8.48481554 55.510649981,8.484813148 55.510648871,8.484810787 55.510647779,8.484808465 55.510646712,8.484806194 55.510645672,8.484803983 55.510644666,8.484801842 55.510643697,8.484799781 55.51064277,8.48479781 55.510641891,8.484795939 55.510641063,8.484794178 55.510640292,8.484792538 55.510639582,8.484791028 55.510638938,8.484789658 55.510638365,8.484788438 55.510637866,8.484787378 55.510637448,8.484786488 55.510637115,8.484785779 55.510636871,8.48478526 55.510636721,8.484784941 55.51063667,8.484784833 55.51063667,8.484784833 55.510636726,8.484784745 55.510636889,8.484784486 55.510637155,8.484784065 55.510637519,8.48478349 55.510637975,8.484782768 55.510638519,8.484781908 55.510639144,8.484780919 55.510639847,8.484779807 55.510640621,8.484778582 55.510641463,8.484777251 55.510642366,8.484775822 55.510643325,8.484774305 55.510644336,8.484772706 55.510645393,8.484771033 55.510646491,8.484769296 55.510647625,8.484767502 55.51064879,8.48476566 55.51064998,8.484763776 55.510651191,8.48476186 55.510652417,8.48475992 55.510653654,8.484757964 55.510654896,8.484755999 55.510656138,8.484754034 55.510657375,8.484752078 55.510658601,8.484750138 55.510659812,8.484748222 55.510661002,8.484746338 55.510662167,8.484744496 55.510663301,8.484742702 55.510664399,8.484740965 55.510665456,8.484739292 55.510666467,8.484737693 55.510667426,8.484736176 55.510668329,8.484734747 55.510669171,8.484733416 55.510669945,8.484732191 55.510670648,8.484731079 55.510671273,8.48473009 55.510671817,8.48472923 55.510672273,8.484728508 55.510672637,8.484727933 55.510672903,8.484727512 55.510673066,8.484727253 55.510673122,8.484727165 55.510673122,8.484727165 55.510673161,8.484727081 55.510673277,8.484726835 55.510673466,8.484726433 55.510673724,8.484725884 55.510674047,8.484725196 55.510674432,8.484724377 55.510674875,8.484723433 55.510675373,8.484722373 55.510675922,8.484721205 55.510676518,8.484719936 55.510677158,8.484718574 55.510677838,8.484717127 55.510678554,8.484715602 55.510679303,8.484714008 55.510680081,8.484712352 55.510680884,8.484710641 55.51068171,8.484708885 55.510682553,8.484707089 55.510683411,8.484705262 55.51068428,8.484703412 55.510685157,8.484701547 55.510686037,8.484699674 55.510686916,8.484697801 55.510687793,8.484695936 55.510688662,8.484694086 55.51068952,8.484692259 55.510690363,8.484690463 55.510691189,8.484688707 55.510691992,8.484686996 55.51069277,8.48468534 55.510693519,8.484683746 55.510694235,8.484682221 55.510694915,8.484680774 55.510695555,8.484679412 55.510696151,8.484678143 55.5106967,8.484676975 55.510697198,8.484675915 55.510697641,8.484674971 55.510698026,8.484674152 55.510698349,8.484673464 55.510698607,8.484672915 55.510698796,8.484672513 55.510698912,8.484672267 55.510698951,8.484672183 55.510698951,8.484672183 55.51069899,8.484672062 55.510699106,8.484671707 55.510699295,8.48467113 55.510699552,8.48467034 55.510699875,8.48466935 55.51070026,8.48466817 55.510700704,8.484666812 55.510701201,8.484665287 55.51070175,8.484663606 55.510702346,8.48466178 55.510702985,8.48465982 55.510703665,8.484657737 55.510704381,8.484655543 55.51070513,8.484653249 55.510705907,8.484650865 55.510706711,8.484648404 55.510707536,8.484645875 55.510708379,8.484643291 55.510709237,8.484640663 55.510710105,8.484638001 55.510710981,8.484635316 55.510711861,8.484632621 55.510712741,8.484629925 55.510713617,8.48462724 55.510714485,8.484624578 55.510715343,8.48462195 55.510716186,8.484619366 55.510717011,8.484616837 55.510717815,8.484614376 55.510718592,8.484611992 55.510719341,8.484609698 55.510720057,8.484607504 55.510720737,8.484605421 55.510721376,8.484603461 55.510721972,8.484601635 55.510722521,8.484599954 55.510723018,8.484598429 55.510723462,8.484597071 55.510723847,8.484595891 55.51072417,8.484594901 55.510724427,8.484594111 55.510724616,8.484593534 55.510724732,8.484593179 55.510724771,8.484593058 55.510724771,8.484593058 55.510724794,8.484592907 55.510724862,8.484592462 55.510724973,8.484591737 55.510725125,8.484590747 55.510725315,8.484589505 55.510725541,8.484588025 55.510725802,8.484586322 55.510726095,8.484584409 55.510726417,8.4845823 55.510726768,8.48458001 55.510727144,8.484577551 55.510727544,8.484574939 55.510727965,8.484572188 55.510728405,8.48456931 55.510728863,8.484566321 55.510729335,8.484563233 55.510729821,8.484560062 55.510730317,8.484556821 55.510730821,8.484553524 55.510731332,8.484550185 55.510731848,8.484546818 55.510732365,8.484543437 55.510732882,8.484540056 55.510733398,8.484536689 55.510733909,8.48453335 55.510734413,8.484530053 55.510734909,8.484526812 55.510735395,8.484523641 55.510735867,8.484520553 55.510736325,8.484517564 55.510736765,8.484514686 55.510737186,8.484511935 55.510737586,8.484509323 55.510737962,8.484506864 55.510738313,8.484504574 55.510738635,8.484502465 55.510738928,8.484500552 55.510739189,8.484498849 55.510739415,8.484497369 55.510739605,8.484496127 55.510739757,8.484495137 55.510739868,8.484494412 55.510739936,8.484493967 55.510739959,8.484493816 55.510739959,8.484493816 55.510739946,8.484489139 55.510740109,8.484484971 55.510740439,8.484481293 55.510740927,8.484478087 55.510741566,8.484475332 55.510742348,8.484473011 55.510743263,8.484471105 55.510744304,8.484469594 55.510745463,8.48446846 55.510746732,8.484467683 55.510748101,8.484467246 55.510749563,8.484467128 55.51075111,8.484467312 55.510752734,8.484467778 55.510754426,8.484468507 55.510756177,8.48446948 55.510757981,8.48447068 55.510759828,8.484472086 55.51076171,8.484473679 55.510763619,8.484475442 55.510765547,8.484477355 55.510767486,8.484479398 55.510769427,8.484481554 55.510771362,8.484483803 55.510773283,8.484486127 55.510775181,8.484488506 55.510777049,8.484490922 55.510778878,8.484493356 55.510780661,8.484495788 55.510782387,8.484498201 55.510784051,8.484500574 55.510785642,8.48450289 55.510787154,8.484505129 55.510788577,8.484507273 55.510789904,8.484509302 55.510791126,8.484511197 55.510792235,8.484512941 55.510793223,8.484514513 55.510794081,8.484515895 55.510794802,8.484517068 55.510795377,8.484518014 55.510795798,8.484518712 55.510796057,8.484519145 55.510796145,8.484519294 55.510796145,8.484519294 55.510796035,8.484519179 55.510795711,8.484518843 55.510795185,8.484518294 55.510794465,8.484517545 55.510793562,8.484516605 55.510792487,8.484515485 55.510791249,8.484514197 55.510789858,8.484512749 55.510788326,8.484511153 55.510786661,8.48450942 55.510784874,8.48450756 55.510782976,8.484505583 55.510780975,8.484503501 55.510778884,8.484501323 55.510776711,8.484499061 55.510774467,8.484496725 55.510772162,8.484494325 55.510769806,8.484491872 55.51076741,8.484489377 55.510764983,8.484486851 55.510762535,8.484484303 55.510760078,8.484481744 55.510757621,8.484479186 55.510755173,8.484476638 55.510752746,8.484474112 55.51075035,8.484471617 55.510747994,8.484469164 55.510745689,8.484466764 55.510743445,8.484464428 55.510741272,8.484462166 55.510739181,8.484459988 55.51073718,8.484457906 55.510735282,8.484455929 55.510733495,8.484454069 55.51073183,8.484452336 55.510730298,8.48445074 55.510728907,8.484449292 55.510727669,8.484448004 55.510726594,8.484446884 55.510725691,8.484445944 55.510724971,8.484445195 55.510724445,8.484444646 55.510724121,8.48444431 55.510724011,8.484444195 55.510724011,8.484444195 55.510723981,8.484444404 55.510723892,8.484445017 55.510723748,8.484446016 55.510723551,8.484447381 55.510723304,8.484449093 55.51072301,8.484451132 55.510722671,8.48445348 55.51072229,8.484456117 55.510721871,8.484459023 55.510721415,8.48446218 55.510720926,8.484465569 55.510720406,8.484469169 55.510719859,8.484472962 55.510719286,8.484476928 55.510718691,8.484481049 55.510718077,8.484485305 55.510717446,8.484489676 55.510716801,8.484494143 55.510716145,8.484498688 55.510715481,8.48450329 55.510714811,8.484507931 55.510714139,8.484512591 55.510713466,8.484517251 55.510712796,8.484521892 55.510712132,8.484526494 55.510711476,8.484531039 55.510710831,8.484535506 55.5107102,8.484539877 55.510709586,8.484544133 55.510708991,8.484548254 55.510708418,8.48455222 55.510707871,8.484556013 55.510707351,8.484559613 55.510706862,8.484563002 55.510706406,8.484566159 55.510705987,8.484569065 55.510705606,8.484571702 55.510705267,8.48457405 55.510704973,8.484576089 55.510704726,8.484577801 55.510704529,8.484579166 55.510704385,8.484580165 55.510704296,8.484580778 55.510704266,8.484580987 55.510704266,8.484580987 55.510704238,8.484581085 55.510704156,8.484581374 55.510704023,8.484581844 55.510703842,8.484582486 55.510703613,8.484583292 55.510703342,8.484584252 55.510703029,8.484585356 55.510702678,8.484586597 55.51070229,8.484587965 55.51070187,8.484589451 55.510701418,8.484591045 55.510700938,8.48459274 55.510700433,8.484594524 55.510699905,8.484596391 55.510699356,8.48459833 55.510698789,8.484600333 55.510698206,8.48460239 55.510697611,8.484604492 55.510697005,8.484606631 55.510696392,8.484608797 55.510695774,8.48461098 55.510695153,8.484613174 55.510694532,8.484615367 55.510693914,8.48461755 55.510693301,8.484619716 55.510692695,8.484621855 55.5106921,8.484623957 55.510691517,8.484626014 55.51069095,8.484628017 55.510690401,8.484629956 55.510689873,8.484631823 55.510689368,8.484633607 55.510688888,8.484635302 55.510688436,8.484636896 55.510688016,8.484638382 55.510687628,8.48463975 55.510687277,8.484640991 55.510686964,8.484642095 55.510686693,8.484643055 55.510686464,8.484643861 55.510686283,8.484644503 55.51068615,8.484644973 55.510686068,8.484645262 55.51068604,8.48464536 55.51068604,8.48464536 55.51068601,8.48464544 55.510685921,8.484645674 55.510685777,8.484646056 55.51068558,8.484646578 55.510685333,8.484647233 55.510685039,8.484648013 55.5106847,8.48464891 55.510684319,8.484649918 55.5106839,8.48465103 55.510683444,8.484652237 55.510682955,8.484653532 55.510682436,8.484654909 55.510681888,8.484656359 55.510681316,8.484657876 55.510680721,8.484659452 55.510680107,8.484661079 55.510679476,8.48466275 55.510678831,8.484664458 55.510678175,8.484666196 55.510677511,8.484667956 55.510676841,8.48466973 55.510676169,8.484671512 55.510675496,8.484673294 55.510674826,8.484675068 55.510674162,8.484676828 55.510673506,8.484678566 55.510672861,8.484680274 55.51067223,8.484681945 55.510671616,8.484683572 55.510671021,8.484685148 55.510670449,8.484686665 55.510669901,8.484688115 55.510669382,8.484689491 55.510668893,8.484690787 55.510668437,8.484691994 55.510668018,8.484693106 55.510667637,8.484694114 55.510667298,8.484695011 55.510667004,8.484695791 55.510666757,8.484696446 55.51066656,8.484696968 55.510666416,8.48469735 55.510666327,8.484697584 55.510666297,8.484697664 55.510666297,8.484697664 55.510666224,8.484697785 55.510666009,8.48469814 55.51066566,8.484698717 55.510665183,8.484699507 55.510664584,8.484700497 55.510663871,8.484701677 55.51066305,8.484703035 55.510662127,8.48470456 55.510661111,8.484706241 55.510660007,8.484708067 55.510658822,8.484710027 55.510657562,8.48471211 55.510656236,8.484714304 55.510654848,8.484716598 55.510653407,8.484718982 55.510651919,8.484721443 55.51065039,8.484723972 55.510648828,8.484726556 55.510647238,8.484729184 55.510645629,8.484731846 55.510644005,8.484734531 55.510642376,8.484737226 55.510640746,8.484739922 55.510639122,8.484742607 55.510637513,8.484745269 55.510635923,8.484747897 55.510634361,8.484750481 55.510632832,8.48475301 55.510631344,8.484755471 55.510629903,8.484757855 55.510628515,8.484760149 55.510627189,8.484762343 55.510625929,8.484764426 55.510624744,8.484766386 55.51062364,8.484768212 55.510622624,8.484769893 55.510621701,8.484771418 55.51062088,8.484772776 55.510620167,8.484773956 55.510619568,8.484774946 55.510619091,8.484775736 55.510618742,8.484776313 55.510618527,8.484776668 55.510618454,8.484776789 55.510618454,8.484776789 55.510618507,8.484776949 55.510618664,8.484777418 55.510618919,8.484778182 55.510619267,8.484779225 55.510619704,8.484780534 55.510620225,8.484782094 55.510620824,8.484783889 55.510621498,8.484785906 55.51062224,8.484788128 55.510623046,8.484790542 55.510623911,8.484793133 55.51062483,8.484795886 55.510625798,8.484798787 55.510626811,8.48480182 55.510627863,8.484804971 55.510628949,8.484808225 55.510630065,8.484811568 55.510631206,8.484814984 55.510632366,8.484818459 55.510633541,8.484821979 55.510634726,8.484825527 55.510635916,8.484829091 55.510637105,8.484832655 55.51063829,8.484836203 55.510639465,8.484839723 55.510640625,8.484843198 55.510641766,8.484846614 55.510642882,8.484849957 55.510643968,8.484853211 55.51064502,8.484856362 55.510646033,8.484859395 55.510647001,8.484862296 55.51064792,8.484865049 55.510648785,8.48486764 55.510649591,8.484870054 55.510650333,8.484872276 55.510651007,8.484874293 55.510651606,8.484876088 55.510652127,8.484877648 55.510652564,8.484878957 55.510652912,8.48488 55.510653167,8.484880764 55.510653324,8.484881233 55.510653377,8.484881393 55.510653377,8.484881393 55.510653313,8.484881301 55.510653126,8.48488103 55.510652821,8.48488059 55.510652404,8.484879988 55.510651882,8.484879234 55.510651259,8.484878336 55.510650542,8.484877302 55.510649737,8.484876141 55.510648849,8.484874862 55.510647885,8.484873474 55.510646851,8.484871984 55.510645752,8.484870402 55.510644593,8.484868736 55.510643382,8.484866995 55.510642124,8.484865187 55.510640825,8.484863321 55.51063949,8.484861405 55.510638126,8.484859449 55.510636739,8.48485746 55.510635333,8.484855447 55.510633916,8.48485342 55.510632494,8.484851386 55.510631071,8.484849354 55.510629654,8.484847332 55.510628248,8.48484533 55.510626861,8.484843356 55.510625497,8.484841418 55.510624162,8.484839525 55.510622863,8.484837686 55.510621605,8.484835909 55.510620394,8.484834203 55.510619235,8.484832577 55.510618136,8.484831038 55.510617102,8.484829597 55.510616138,8.48482826 55.51061525,8.484827037 55.510614445,8.484825937 55.510613728,8.484824967 55.510613105,8.484824138 55.510612583,8.484823456 55.510612166,8.484822931 55.510611861,8.484822572 55.510611674,8.484822387 55.51061161,8.484822384 55.51061161,8.484822384 55.510611619,8.48482261 55.510611647,8.484823099 55.510611691,8.484823836 55.510611751,8.48482481 55.510611828,8.484826008 55.510611918,8.484827418 55.510612022,8.484829027 55.510612139,8.484830822 55.510612269,8.48483279 55.510612409,8.48483492 55.510612559,8.484837199 55.510612719,8.484839614 55.510612888,8.484842152 55.510613064,8.484844801 55.510613247,8.484847549 55.510613436,8.484850383 55.51061363,8.48485329 55.510613828,8.484856258 55.51061403,8.484859273 55.510614234,8.484862325 55.510614441,8.484865399 55.510614648,8.484868484 55.510614854,8.484871567 55.510615061,8.484874636 55.510615265,8.484877677 55.510615467,8.484880678 55.510615665,8.484883627 55.510615859,8.484886511 55.510616048,8.484889318 55.510616231,8.484892034 55.510616407,8.484894648 55.510616576,8.484897147 55.510616736,8.484899518 55.510616886,8.484901749 55.510617026,8.484903827 55.510617156,8.48490574 55.510617273,8.484907475 55.510617377,8.484909019 55.510617467,8.48491036 55.510617544,8.484911485 55.510617604,8.484912382 55.510617648,8.484913039 55.510617676,8.484913442 55.510617685,8.484913579 55.510617685,8.484913579 55.510617644,8.484913479 55.510617525,8.484913184 55.510617331,8.484912704 55.510617066,8.484912048 55.510616733,8.484911226 55.510616337,8.484910246 55.510615881,8.484909119 55.510615369,8.484907852 55.510614804,8.484906456 55.51061419,8.484904939 55.510613532,8.484903311 55.510612832,8.484901582 55.510612095,8.484899759 55.510611325,8.484897854 55.510610524,8.484895875 55.510609697,8.48489383 55.510608848,8.48489173 55.51060798,8.484889584 55.510607097,8.484887401 55.510606203,8.48488519 55.510605301,8.484882961 55.510604396,8.484880722 55.51060349,8.484878483 55.510602588,8.484876254 55.510601694,8.484874043 55.510600811,8.48487186 55.510599943,8.484869714 55.510599094,8.484867614 55.510598267,8.484865569 55.510597466,8.48486359 55.510596696,8.484861685 55.510595959,8.484859862 55.510595259,8.484858133 55.510594601,8.484856505 55.510593987,8.484854988 55.510593422,8.484853592 55.51059291,8.484852325 55.510592454,8.484851198 55.510592058,8.484850218 55.510591725,8.484849396 55.51059146,8.48484874 55.510591266,8.48484826 55.510591147,8.484847965 55.510591106,8.484847865 55.510591106,8.484847865 55.510591065,8.484847912 55.510590946,8.484848051 55.510590752,8.484848276 55.510590487,8.484848584 55.510590154,8.484848971 55.510589758,8.484849433 55.510589302,8.484849964 55.51058879,8.484850561 55.510588225,8.48485122 55.510587611,8.484851936 55.510586953,8.484852705 55.510586253,8.484853523 55.510585516,8.484854386 55.510584746,8.484855289 55.510583945,8.484856228 55.510583118,8.484857199 55.510582269,8.484858197 55.510581401,8.484859219 55.510580518,8.48486026 55.510579624,8.484861316 55.510578722,8.484862382 55.510577817,8.484863455 55.510576911,8.484864529 55.510576009,8.484865602 55.510575115,8.484866668 55.510574232,8.484867724 55.510573364,8.484868764 55.510572515,8.484869785 55.510571688,8.484870783 55.510570887,8.484871754 55.510570117,8.484872692 55.51056938,8.484873594 55.51056868,8.484874456 55.510568022,8.484875273 55.510567408,8.484876041 55.510566843,8.484876756 55.510566331,8.484877413 55.510565875,8.484878009 55.510565479,8.484878539 55.510565146,8.484878999 55.510564881,8.484879384 55.510564687,8.484879691 55.510564568,8.484879914 55.510564527,8.484880051 55.510564527,8.484880051 55.510564532,8.4848802 55.510564545,8.48488046 55.510564567,8.484880825 55.510564598,8.484881291 55.510564636,8.484881851 55.510564681,8.484882501 55.510564733,8.484883235 55.510564792,8.484884048 55.510564856,8.484884933 55.510564926,8.484885887 55.510565002,8.484886904 55.510565081,8.484887977 55.510565166,8.484889103 55.510565254,8.484890274 55.510565345,8.484891487 55.51056544,8.484892735 55.510565537,8.484894014 55.510565636,8.484895317 55.510565737,8.48489664 55.510565839,8.484897977 55.510565942,8.484899322 55.510566046,8.484900671 55.510566149,8.484902018 55.510566252,8.484903357 55.510566354,8.484904684 55.510566455,8.484905992 55.510566554,8.484907277 55.510566651,8.484908532 55.510566746,8.484909754 55.510566837,8.484910935 55.510566925,8.484912071 55.51056701,8.484913157 55.510567089,8.484914187 55.510567165,8.484915156 55.510567235,8.484916058 55.510567299,8.484916887 55.510567358,8.48491764 55.51056741,8.484918309 55.510567455,8.484918891 55.510567493,8.484919378 55.510567524,8.484919767 55.510567546,8.484920051 55.510567559,8.484920226 55.510567564,8.484920285 55.510567564,8.484920285 55.510567618,8.484920291 55.510567779,8.484920309 55.510568039,8.484920339 55.510568395,8.484920379 55.510568842,8.484920429 55.510569374,8.484920489 55.510569987,8.484920558 55.510570675,8.484920636 55.510571433,8.484920721 55.510572257,8.484920814 55.510573141,8.484920914 55.51057408,8.484921019 55.51057507,8.484921131 55.510576105,8.484921248 55.51057718,8.484921369 55.51057829,8.484921494 55.510579431,8.484921623 55.510580597,8.484921754 55.510581782,8.484921888 55.510582983,8.484922023 55.510584194,8.484922159 55.51058541,8.484922296 55.510586626,8.484922434 55.510587837,8.48492257 55.510589038,8.484922705 55.510590223,8.484922839 55.510591389,8.48492297 55.51059253,8.484923099 55.51059364,8.484923224 55.510594715,8.484923345 55.51059575,8.484923462 55.51059674,8.484923574 55.510597679,8.484923679 55.510598563,8.484923779 55.510599387,8.484923872 55.510600145,8.484923957 55.510600833,8.484924035 55.510601446,8.484924104 55.510601978,8.484924164 55.510602425,8.484924214 55.510602781,8.484924254 55.510603041,8.484924284 55.510603202,8.484924302 55.510603256,8.484924308 55.510603256,8.484924308 55.510603155,8.484924349 55.510602859,8.484924469 55.510602376,8.484924665 55.510601717,8.484924933 55.51060089,8.484925268 55.510599905,8.484925668 55.510598772,8.484926129 55.510597498,8.484926646 55.510596094,8.484927216 55.510594569,8.484927835 55.510592933,8.484928499 55.510591194,8.484929205 55.510589362,8.484929949 55.510587446,8.484930726 55.510585456,8.484931534 55.510583401,8.484932369 55.51058129,8.484933226 55.510579132,8.484934102 55.510576937,8.484934993 55.510574714,8.484935895 55.510572473,8.484936805 55.510570222,8.484937719 55.510567971,8.484938633 55.51056573,8.484939543 55.510563507,8.484940445 55.510561312,8.484941336 55.510559154,8.484942212 55.510557043,8.484943069 55.510554988,8.484943904 55.510552998,8.484944712 55.510551082,8.484945489 55.51054925,8.484946233 55.510547511,8.484946939 55.510545875,8.484947603 55.51054435,8.484948222 55.510542946,8.484948792 55.510541672,8.484949309 55.510540539,8.48494977 55.510539554,8.48495017 55.510538727,8.484950505 55.510538068,8.484950773 55.510537585,8.484950969 55.510537289,8.484951089 55.510537188,8.48495113 55.510537188,8.48495113 55.510537034,8.484951118 55.510536581,8.484951082 55.510535843,8.484951023 55.510534836,8.484950943 55.510533572,8.484950842 55.510532066,8.484950722 55.510530332,8.484950584 55.510528386,8.484950429 55.510526239,8.484950258 55.510523908,8.484950072 55.510521407,8.484949873 55.510518748,8.484949661 55.510515948,8.484949438 55.510513019,8.484949204 55.510509977,8.484948962 55.510506835,8.484948712 55.510503607,8.484948455 55.510500309,8.484948192 55.510496953,8.484947924 55.510493555,8.484947654 55.510490128,8.484947381 55.510486688,8.484947106 55.510483247,8.484946832 55.51047982,8.484946559 55.510476422,8.484946289 55.510473066,8.484946021 55.510469768,8.484945758 55.51046654,8.484945501 55.510463398,8.484945251 55.510460356,8.484945009 55.510457427,8.484944775 55.510454627,8.484944552 55.510451968,8.48494434 55.510449467,8.484944141 55.510447136,8.484943955 55.51044499,8.484943784 55.510443043,8.484943629 55.510441309,8.484943491 55.510439803,8.484943371 55.510438539,8.48494327 55.510437532,8.48494319 55.510436794,8.484943131 55.510436341,8.484943095 55.510436187,8.484943083 55.510436187,8.484943083 55.510436368,8.48494302 55.510436899,8.484942833 55.510437764,8.48494253 55.510438946,8.484942115 55.510440429,8.484941594 55.510442195,8.484940975 55.510444228,8.484940261 55.510446512,8.48493946 55.510449029,8.484938576 55.510451763,8.484937617 55.510454697,8.484936587 55.510457815,8.484935493 55.5104611,8.48493434 55.510464535,8.484933135 55.510468104,8.484931882 55.510471789,8.484930589 55.510475575,8.48492926 55.510479444,8.484927903 55.51048338,8.484926522 55.510487365,8.484925123 55.510491385,8.484923712 55.510495421,8.484922296 55.510499456,8.48492088 55.510503476,8.484919469 55.510507461,8.48491807 55.510511397,8.484916689 55.510515266,8.484915332 55.510519052,8.484914003 55.510522737,8.48491271 55.510526306,8.484911457 55.510529741,8.484910252 55.510533026,8.484909099 55.510536144,8.484908005 55.510539078,8.484906975 55.510541812,8.484906016 55.510544329,8.484905132 55.510546613,8.484904331 55.510548646,8.484903617 55.510550412,8.484902998 55.510551895,8.484902477 55.510553077,8.484902062 55.510553942,8.484901759 55.510554473,8.484901572 55.510554654,8.484901509","sm6a0de527",,,,,,,,,,,,,,,Esbjerg,Edison park 1 6700 Esbjerg,Stil
Line,Stil,Overlay,,55.510437711,8.484937719,,"smd83beb26",,,,,,,,,,,,,,,Esbjerg,Edison park 1 6700 Esbjerg,Stil
